Flow Equi,Flow Target,Lane Type,Hour,Segment
3742.3745653961623,4025.6769230769232,Ordinary Lane,14,3420 - Auto Mall NB
4045.291649109197,3996.046153846154,Ordinary Lane,15,3420 - Auto Mall NB
3763.817784259609,3904.2,Ordinary Lane,16,3420 - Auto Mall NB
3691.9908253307462,3776.453846153846,Ordinary Lane,17,3420 - Auto Mall NB
3995.176389879956,3369.861538461538,Ordinary Lane,18,3420 - Auto Mall NB
3748.0369698117825,3986.1615384615384,Ordinary Lane,14,3420 - Auto Mall NB
3951.1054207916663,3962.3769230769226,Ordinary Lane,15,3420 - Auto Mall NB
3744.950824798206,3899.0538461538463,Ordinary Lane,16,3420 - Auto Mall NB
3712.367886048067,3742.638461538462,Ordinary Lane,17,3420 - Auto Mall NB
3992.5999467050706,3351.5,Ordinary Lane,18,3420 - Auto Mall NB
3680.8741573807424,4014.284615384616,Ordinary Lane,14,3420 - Auto Mall NB
3901.8681545221157,3953.461538461538,Ordinary Lane,15,3420 - Auto Mall NB
3689.7147616888114,3912.2384615384617,Ordinary Lane,16,3420 - Auto Mall NB
3667.6587331340797,3760.9846153846156,Ordinary Lane,17,3420 - Auto Mall NB
3942.3694744649592,3389.792307692308,Ordinary Lane,18,3420 - Auto Mall NB
3647.4996765147207,4012.3307692307694,Ordinary Lane,14,3420 - Auto Mall NB
3581.001741806257,3970.353846153846,Ordinary Lane,15,3420 - Auto Mall NB
3656.031821460822,3907.9307692307693,Ordinary Lane,16,3420 - Auto Mall NB
3647.4929209175702,3774.753846153847,Ordinary Lane,17,3420 - Auto Mall NB
3905.6020005976684,3406.4692307692303,Ordinary Lane,18,3420 - Auto Mall NB
3548.271362458742,4009.9153846153845,Ordinary Lane,14,3420 - Auto Mall NB
3507.819013830755,3960.246153846154,Ordinary Lane,15,3420 - Auto Mall NB
3562.0060346260334,3912.753846153846,Ordinary Lane,16,3420 - Auto Mall NB
3549.307044346553,3788.461538461539,Ordinary Lane,17,3420 - Auto Mall NB
3810.246088060088,3436.646153846154,Ordinary Lane,18,3420 - Auto Mall NB
3742.3745653961623,4017.4846153846147,Ordinary Lane,14,3420 - Auto Mall NB
4045.291649109196,3948.3692307692304,Ordinary Lane,15,3420 - Auto Mall NB
3763.8177842596097,3901.7307692307695,Ordinary Lane,16,3420 - Auto Mall NB
3691.9908253307467,3781.4769230769225,Ordinary Lane,17,3420 - Auto Mall NB
3995.176389879957,3417.284615384616,Ordinary Lane,18,3420 - Auto Mall NB
3748.0369698117825,4007.815384615385,Ordinary Lane,14,3420 - Auto Mall NB
3950.6566410239034,3944.3769230769235,Ordinary Lane,15,3420 - Auto Mall NB
3744.950824798206,3902.4461538461537,Ordinary Lane,16,3420 - Auto Mall NB
3712.367886048067,3773.3846153846157,Ordinary Lane,17,3420 - Auto Mall NB
3992.599946705071,3411.5615384615385,Ordinary Lane,18,3420 - Auto Mall NB
3680.874157380742,3999.4769230769225,Ordinary Lane,14,3420 - Auto Mall NB
3890.627972508495,3946.0153846153844,Ordinary Lane,15,3420 - Auto Mall NB
3689.7147616888114,3901.6692307692306,Ordinary Lane,16,3420 - Auto Mall NB
3667.65873313408,3761.1615384615384,Ordinary Lane,17,3420 - Auto Mall NB
3942.3694744649592,3400.6615384615384,Ordinary Lane,18,3420 - Auto Mall NB
3647.4996765147207,4001.8307692307694,Ordinary Lane,14,3420 - Auto Mall NB
3581.001741806257,3939.3230769230768,Ordinary Lane,15,3420 - Auto Mall NB
3656.031821460822,3859.2769230769227,Ordinary Lane,16,3420 - Auto Mall NB
3647.49292091757,3714.961538461538,Ordinary Lane,17,3420 - Auto Mall NB
3905.6020005976684,3375.846153846154,Ordinary Lane,18,3420 - Auto Mall NB
3548.271362458742,4003.0307692307697,Ordinary Lane,14,3420 - Auto Mall NB
3507.819013830755,3963.8153846153846,Ordinary Lane,15,3420 - Auto Mall NB
3562.0060346260334,3890.453846153846,Ordinary Lane,16,3420 - Auto Mall NB
3549.307044346553,3745.8,Ordinary Lane,17,3420 - Auto Mall NB
3810.246088060088,3411.292307692308,Ordinary Lane,18,3420 - Auto Mall NB
3742.3745653961623,4011.7615384615383,Ordinary Lane,14,3420 - Auto Mall NB
4045.291649109196,3956.576923076923,Ordinary Lane,15,3420 - Auto Mall NB
3763.817784259609,3891.892307692308,Ordinary Lane,16,3420 - Auto Mall NB
3691.9908253307467,3733.9153846153845,Ordinary Lane,17,3420 - Auto Mall NB
3995.176389879957,3412.9076923076923,Ordinary Lane,18,3420 - Auto Mall NB
3748.036969811783,4066.0307692307697,Ordinary Lane,14,3420 - Auto Mall NB
3951.105420791668,3992.969230769231,Ordinary Lane,15,3420 - Auto Mall NB
3744.950824798207,3914.0615384615385,Ordinary Lane,16,3420 - Auto Mall NB
3712.3678860480677,3776.0615384615385,Ordinary Lane,17,3420 - Auto Mall NB
3992.5999467050706,3413.4769230769234,Ordinary Lane,18,3420 - Auto Mall NB
3680.8741573807424,4081.8769230769235,Ordinary Lane,14,3420 - Auto Mall NB
3890.3501372972582,4063.3153846153846,Ordinary Lane,15,3420 - Auto Mall NB
3689.7147616888114,3922.5692307692307,Ordinary Lane,16,3420 - Auto Mall NB
3667.6587331340797,3767.6153846153843,Ordinary Lane,17,3420 - Auto Mall NB
3942.3694744649592,3402.792307692308,Ordinary Lane,18,3420 - Auto Mall NB
3647.4996765147207,4087.892307692308,Ordinary Lane,14,3420 - Auto Mall NB
3598.4854938047015,4048.6153846153843,Ordinary Lane,15,3420 - Auto Mall NB
3656.0318214608224,3922.0230769230766,Ordinary Lane,16,3420 - Auto Mall NB
3647.4929209175702,3764.815384615385,Ordinary Lane,17,3420 - Auto Mall NB
3905.6020005976684,3401.253846153846,Ordinary Lane,18,3420 - Auto Mall NB
3548.271362458742,4088.1230769230774,Ordinary Lane,14,3420 - Auto Mall NB
3508.285216634423,4063.3692307692304,Ordinary Lane,15,3420 - Auto Mall NB
3562.0060346260334,3907.9153846153845,Ordinary Lane,16,3420 - Auto Mall NB
3549.3070443465535,3744.0692307692307,Ordinary Lane,17,3420 - Auto Mall NB
3810.246088060088,3393.7384615384617,Ordinary Lane,18,3420 - Auto Mall NB
3742.3745653961623,4093.0923076923077,Ordinary Lane,14,3420 - Auto Mall NB
4045.291649109196,4071.215384615384,Ordinary Lane,15,3420 - Auto Mall NB
3713.2880019518952,3910.330769230769,Ordinary Lane,16,3420 - Auto Mall NB
3691.9908253307467,3750.9,Ordinary Lane,17,3420 - Auto Mall NB
3995.176389879957,3407.961538461538,Ordinary Lane,18,3420 - Auto Mall NB
3748.036969811783,4087.1230769230765,Ordinary Lane,14,3420 - Auto Mall NB
3951.1054207916663,4077.392307692307,Ordinary Lane,15,3420 - Auto Mall NB
3744.950824798206,3907.653846153846,Ordinary Lane,16,3420 - Auto Mall NB
3712.367886048067,3730.353846153846,Ordinary Lane,17,3420 - Auto Mall NB
3992.5999467050706,3407.4769230769234,Ordinary Lane,18,3420 - Auto Mall NB
3680.8741573807424,4044.361538461539,Ordinary Lane,14,3420 - Auto Mall NB
3879.1099552836376,4072.153846153846,Ordinary Lane,15,3420 - Auto Mall NB
3689.7147616888114,3905.7615384615383,Ordinary Lane,16,3420 - Auto Mall NB
3667.6587331340797,3746.1615384615384,Ordinary Lane,17,3420 - Auto Mall NB
3942.3694744649592,3415.7307692307695,Ordinary Lane,18,3420 - Auto Mall NB
3647.4996765147207,4039.7230769230764,Ordinary Lane,14,3420 - Auto Mall NB
3598.4854938047015,4067.6846153846154,Ordinary Lane,15,3420 - Auto Mall NB
3656.0318214608224,3940.5153846153844,Ordinary Lane,16,3420 - Auto Mall NB
3647.492920472137,3786.507692307692,Ordinary Lane,17,3420 - Auto Mall NB
3905.6020005976684,3439.2307692307686,Ordinary Lane,18,3420 - Auto Mall NB
3548.271362458742,4040.930769230769,Ordinary Lane,14,3420 - Auto Mall NB
3508.285216634423,4074.861538461538,Ordinary Lane,15,3420 - Auto Mall NB
3562.0060346260334,3947.715384615384,Ordinary Lane,16,3420 - Auto Mall NB
3549.3070443465535,3789.0230769230775,Ordinary Lane,17,3420 - Auto Mall NB
3810.246088060088,3437.215384615384,Ordinary Lane,18,3420 - Auto Mall NB
3742.3745653961623,4050.153846153846,Ordinary Lane,14,3420 - Auto Mall NB
4045.291649109196,4078.4384615384615,Ordinary Lane,15,3420 - Auto Mall NB
3713.2880019518952,3933.007692307692,Ordinary Lane,16,3420 - Auto Mall NB
3691.9908253307467,3798.415384615385,Ordinary Lane,17,3420 - Auto Mall NB
3995.1763898799572,3446.9230769230767,Ordinary Lane,18,3420 - Auto Mall NB
3748.0369698117825,4041.0307692307697,Ordinary Lane,14,3420 - Auto Mall NB
3951.1054207916663,4066.215384615384,Ordinary Lane,15,3420 - Auto Mall NB
3744.950824798206,3952.4461538461537,Ordinary Lane,16,3420 - Auto Mall NB
3712.367886048067,3804.6615384615384,Ordinary Lane,17,3420 - Auto Mall NB
3992.599946705071,3464.7769230769227,Ordinary Lane,18,3420 - Auto Mall NB
3680.8741573807424,4028.915384615385,Ordinary Lane,14,3420 - Auto Mall NB
3879.1099552836376,4060.7615384615383,Ordinary Lane,15,3420 - Auto Mall NB
3689.7147616888114,3913.5769230769233,Ordinary Lane,16,3420 - Auto Mall NB
3667.6587331340797,3788.361538461538,Ordinary Lane,17,3420 - Auto Mall NB
3942.3694744649597,3472.0692307692307,Ordinary Lane,18,3420 - Auto Mall NB
3647.499676514721,4037.892307692308,Ordinary Lane,14,3420 - Auto Mall NB
3598.485493804703,4074.4769230769234,Ordinary Lane,15,3420 - Auto Mall NB
3656.031821460823,3920.7769230769236,Ordinary Lane,16,3420 - Auto Mall NB
3647.4929204721375,3800.6692307692306,Ordinary Lane,17,3420 - Auto Mall NB
3913.325002900026,3485.5923076923077,Ordinary Lane,18,3420 - Auto Mall NB
3548.271362458742,4018.3230769230768,Ordinary Lane,14,3420 - Auto Mall NB
3514.0327555979607,3990.1,Ordinary Lane,15,3420 - Auto Mall NB
3562.0060346260334,3897.061538461539,Ordinary Lane,16,3420 - Auto Mall NB
3549.3070443465535,3759.0538461538463,Ordinary Lane,17,3420 - Auto Mall NB
3810.246088060088,3469.107692307692,Ordinary Lane,18,3420 - Auto Mall NB
3742.3745653961623,3874.9846153846156,Ordinary Lane,14,3420 - Auto Mall NB
4045.2916491091955,3889.7,Ordinary Lane,15,3420 - Auto Mall NB
3915.407131182752,3878.1769230769232,Ordinary Lane,16,3420 - Auto Mall NB
3691.9908253307462,3758.9846153846156,Ordinary Lane,17,3420 - Auto Mall NB
3995.176389879957,3453.4076923076923,Ordinary Lane,18,3420 - Auto Mall NB
3748.0369698117825,3894.538461538461,Ordinary Lane,14,3420 - Auto Mall NB
3950.634237834167,3894.3307692307694,Ordinary Lane,15,3420 - Auto Mall NB
3744.9508247982067,3878.6615384615384,Ordinary Lane,16,3420 - Auto Mall NB
3712.367886048067,3799.330769230769,Ordinary Lane,17,3420 - Auto Mall NB
3992.599946705071,3485.361538461538,Ordinary Lane,18,3420 - Auto Mall NB
3680.8741573807424,3938.492307692308,Ordinary Lane,14,3420 - Auto Mall NB
3867.3983689670667,3899.5692307692307,Ordinary Lane,15,3420 - Auto Mall NB
3689.7147616888114,3878.069230769231,Ordinary Lane,16,3420 - Auto Mall NB
3667.65873313408,3802.569230769231,Ordinary Lane,17,3420 - Auto Mall NB
3942.3694744649597,3498.3153846153846,Ordinary Lane,18,3420 - Auto Mall NB
3647.499676514721,3944.7769230769236,Ordinary Lane,14,3420 - Auto Mall NB
3598.485493804703,3919.176923076923,Ordinary Lane,15,3420 - Auto Mall NB
3656.0318218685793,3894.761538461539,Ordinary Lane,16,3420 - Auto Mall NB
3647.4929209174566,3828.9846153846156,Ordinary Lane,17,3420 - Auto Mall NB
3913.325002900026,3525.5923076923077,Ordinary Lane,18,3420 - Auto Mall NB
3548.271362458742,3949.5538461538467,Ordinary Lane,14,3420 - Auto Mall NB
3504.8808415835297,3916.046153846154,Ordinary Lane,15,3420 - Auto Mall NB
3562.0060346260334,3896.8076923076924,Ordinary Lane,16,3420 - Auto Mall NB
3549.3070443465535,3842.8,Ordinary Lane,17,3420 - Auto Mall NB
3810.246088060088,3542.4153846153845,Ordinary Lane,18,3420 - Auto Mall NB
3742.3745653961623,3942.8,Ordinary Lane,14,3420 - Auto Mall NB
3947.991032668427,3912.4692307692303,Ordinary Lane,15,3420 - Auto Mall NB
3814.3475665673254,3909.5615384615385,Ordinary Lane,16,3420 - Auto Mall NB
3691.9908253307462,3834.684615384615,Ordinary Lane,17,3420 - Auto Mall NB
3995.1763898799563,3535.1846153846154,Ordinary Lane,18,3420 - Auto Mall NB
3748.0369698117825,3949.5538461538463,Ordinary Lane,14,3420 - Auto Mall NB
3950.634237834167,3919.3384615384616,Ordinary Lane,15,3420 - Auto Mall NB
3744.9508247982067,3901.153846153846,Ordinary Lane,16,3420 - Auto Mall NB
3712.367886048067,3841.3846153846157,Ordinary Lane,17,3420 - Auto Mall NB
3992.599946705071,3544.5846153846155,Ordinary Lane,18,3420 - Auto Mall NB
3680.8741573807424,3947.5153846153844,Ordinary Lane,14,3420 - Auto Mall NB
3864.6912219532524,3912.838461538461,Ordinary Lane,15,3420 - Auto Mall NB
3689.7147616888114,3911.161538461539,Ordinary Lane,16,3420 - Auto Mall NB
3667.6587331340797,3862.853846153847,Ordinary Lane,17,3420 - Auto Mall NB
3942.3694744649592,3552.5230769230775,Ordinary Lane,18,3420 - Auto Mall NB
3647.499676514721,3947.8153846153846,Ordinary Lane,14,3420 - Auto Mall NB
3581.001742201278,3910.8692307692304,Ordinary Lane,15,3420 - Auto Mall NB
3656.0318214608233,3904.5846153846155,Ordinary Lane,16,3420 - Auto Mall NB
3647.492920472138,3853.9846153846156,Ordinary Lane,17,3420 - Auto Mall NB
3913.3250029000264,3554.5,Ordinary Lane,18,3420 - Auto Mall NB
3548.271362458742,3957.3384615384616,Ordinary Lane,14,3420 - Auto Mall NB
3504.8808415835297,3977.423076923077,Ordinary Lane,15,3420 - Auto Mall NB
3562.0060346260334,3926.6923076923076,Ordinary Lane,16,3420 - Auto Mall NB
3549.3070443465535,3909.1846153846154,Ordinary Lane,17,3420 - Auto Mall NB
3810.246088060088,3591.453846153846,Ordinary Lane,18,3420 - Auto Mall NB
3742.374565396163,4080.3,Ordinary Lane,14,3420 - Auto Mall NB
3947.991032668428,4084.3230769230768,Ordinary Lane,15,3420 - Auto Mall NB
3814.347566567323,3845.453846153846,Ordinary Lane,16,3420 - Auto Mall NB
3691.9908253307462,3895.1692307692306,Ordinary Lane,17,3420 - Auto Mall NB
3995.1763898799563,3588.792307692308,Ordinary Lane,18,3420 - Auto Mall NB
3748.036969811783,4074.7692307692314,Ordinary Lane,14,3420 - Auto Mall NB
3947.5596739924245,4070.707692307692,Ordinary Lane,15,3420 - Auto Mall NB
3744.9508247982067,3847.9461538461537,Ordinary Lane,16,3420 - Auto Mall NB
3712.367886048067,3890.3,Ordinary Lane,17,3420 - Auto Mall NB
3992.599946705071,3567.992307692308,Ordinary Lane,18,3420 - Auto Mall NB
3680.8741573807424,4067.9384615384615,Ordinary Lane,14,3420 - Auto Mall NB
3867.3983689670663,4026.1461538461544,Ordinary Lane,15,3420 - Auto Mall NB
3689.7147616888114,3850.715384615384,Ordinary Lane,16,3420 - Auto Mall NB
3667.6587331340797,3884.030769230769,Ordinary Lane,17,3420 - Auto Mall NB
3942.3694744649592,3576.823076923077,Ordinary Lane,18,3420 - Auto Mall NB
3647.499676514721,4084.892307692308,Ordinary Lane,14,3420 - Auto Mall NB
3598.4854938081107,4010.061538461539,Ordinary Lane,15,3420 - Auto Mall NB
3663.2613201063214,3842.2384615384617,Ordinary Lane,16,3420 - Auto Mall NB
3647.4929209242723,3868.3153846153846,Ordinary Lane,17,3420 - Auto Mall NB
3913.3250029000264,3566.9461538461537,Ordinary Lane,18,3420 - Auto Mall NB
3548.271362458742,4063.846153846154,Ordinary Lane,14,3420 - Auto Mall NB
3504.8808415835297,3991.9846153846156,Ordinary Lane,15,3420 - Auto Mall NB
3562.0060346260334,3830.4769230769225,Ordinary Lane,16,3420 - Auto Mall NB
3549.3070443465535,3870.0538461538463,Ordinary Lane,17,3420 - Auto Mall NB
3810.246088060088,3567.7384615384617,Ordinary Lane,18,3420 - Auto Mall NB
3742.3745653961623,4054.538461538462,Ordinary Lane,14,3420 - Auto Mall NB
3947.991032668427,3991.215384615385,Ordinary Lane,15,3420 - Auto Mall NB
3814.347566567324,3799.1307692307696,Ordinary Lane,16,3420 - Auto Mall NB
3691.9908253307462,3870.746153846154,Ordinary Lane,17,3420 - Auto Mall NB
3995.176389879957,3560.7307692307695,Ordinary Lane,18,3420 - Auto Mall NB
3748.0369698117825,4053.8076923076924,Ordinary Lane,14,3420 - Auto Mall NB
3947.5596739924245,3992.5,Ordinary Lane,15,3420 - Auto Mall NB
3744.9508247982067,3788.853846153846,Ordinary Lane,16,3420 - Auto Mall NB
3712.3678860480672,3869.7,Ordinary Lane,17,3420 - Auto Mall NB
3992.599946705071,3580.0769230769233,Ordinary Lane,18,3420 - Auto Mall NB
3680.8741573807424,4057.315384615385,Ordinary Lane,14,3420 - Auto Mall NB
3864.5523043476337,3985.815384615385,Ordinary Lane,15,3420 - Auto Mall NB
3689.7147616888114,3822.138461538462,Ordinary Lane,16,3420 - Auto Mall NB
3667.6587331340797,3828.430769230769,Ordinary Lane,17,3420 - Auto Mall NB
3942.369474464959,3589.961538461538,Ordinary Lane,18,3420 - Auto Mall NB
3647.499676514721,4038.115384615385,Ordinary Lane,14,3420 - Auto Mall NB
3598.485493801295,3975.292307692308,Ordinary Lane,15,3420 - Auto Mall NB
3663.2613201097292,3822.761538461539,Ordinary Lane,16,3420 - Auto Mall NB
3647.4929209174566,3831.992307692308,Ordinary Lane,17,3420 - Auto Mall NB
3913.3250029000264,3595.3692307692304,Ordinary Lane,18,3420 - Auto Mall NB
3548.271362458742,4058.6307692307696,Ordinary Lane,14,3420 - Auto Mall NB
3507.819013830755,3976.930769230769,Ordinary Lane,15,3420 - Auto Mall NB
3562.0060346260334,3831.646153846154,Ordinary Lane,16,3420 - Auto Mall NB
3555.2465731520874,3826.853846153846,Ordinary Lane,17,3420 - Auto Mall NB
3810.2460880600884,3599.3076923076924,Ordinary Lane,18,3420 - Auto Mall NB
3742.3745653961623,4060.3769230769235,Ordinary Lane,14,3420 - Auto Mall NB
3944.4233155135435,3956.2230769230764,Ordinary Lane,15,3420 - Auto Mall NB
3814.3475665673236,3915.992307692308,Ordinary Lane,16,3420 - Auto Mall NB
3691.9908253307467,3845.1230769230774,Ordinary Lane,17,3420 - Auto Mall NB
3995.176389879957,3592.715384615384,Ordinary Lane,18,3420 - Auto Mall NB
3748.0369698117825,4055.1230769230774,Ordinary Lane,14,3420 - Auto Mall NB
3950.783831090088,3947.815384615385,Ordinary Lane,15,3420 - Auto Mall NB
3744.9508247982067,3904.3692307692313,Ordinary Lane,16,3420 - Auto Mall NB
3712.3678860480677,3846.3,Ordinary Lane,17,3420 - Auto Mall NB
3992.5999467050715,3607.138461538462,Ordinary Lane,18,3420 - Auto Mall NB
3680.874157380743,4069.500000000001,Ordinary Lane,14,3420 - Auto Mall NB
3901.8681545221157,3983.6846153846154,Ordinary Lane,15,3420 - Auto Mall NB
3689.714761688812,3917.0307692307697,Ordinary Lane,16,3420 - Auto Mall NB
3671.8437131487203,3866.8692307692313,Ordinary Lane,17,3420 - Auto Mall NB
3942.3694744649592,3609.8769230769235,Ordinary Lane,18,3420 - Auto Mall NB
3647.4996765147216,4052.969230769231,Ordinary Lane,14,3420 - Auto Mall NB
3645.6122098983974,3980.0,Ordinary Lane,15,3420 - Auto Mall NB
3737.230368220456,3890.4384615384615,Ordinary Lane,16,3420 - Auto Mall NB
3647.4929209214033,3847.646153846154,Ordinary Lane,17,3420 - Auto Mall NB
3913.325002900026,3590.9692307692303,Ordinary Lane,18,3420 - Auto Mall NB
3548.271362458742,4037.1,Ordinary Lane,14,3420 - Auto Mall NB
3507.819013830755,3944.3384615384616,Ordinary Lane,15,3420 - Auto Mall NB
3588.3424464064856,3859.6230769230774,Ordinary Lane,16,3420 - Auto Mall NB
3586.342542935149,3811.076923076923,Ordinary Lane,17,3420 - Auto Mall NB
3810.246088060089,3548.469230769231,Ordinary Lane,18,3420 - Auto Mall NB
3742.3745653961614,4032.4000000000005,Ordinary Lane,14,3420 - Auto Mall NB
3944.4233155135435,3942.4076923076923,Ordinary Lane,15,3420 - Auto Mall NB
3814.347566567324,3871.530769230769,Ordinary Lane,16,3420 - Auto Mall NB
3691.990825330749,3796.5230769230775,Ordinary Lane,17,3420 - Auto Mall NB
3995.176389879957,3541.638461538462,Ordinary Lane,18,3420 - Auto Mall NB
3748.0369698117825,4023.9307692307693,Ordinary Lane,14,3420 - Auto Mall NB
3897.6624698420414,3924.215384615384,Ordinary Lane,15,3420 - Auto Mall NB
3744.9508247982067,3879.461538461538,Ordinary Lane,16,3420 - Auto Mall NB
3712.3678860480672,3793.3,Ordinary Lane,17,3420 - Auto Mall NB
3992.599946705071,3534.4153846153845,Ordinary Lane,18,3420 - Auto Mall NB
3680.8741573807424,4022.169230769231,Ordinary Lane,14,3420 - Auto Mall NB
3901.257832613547,3935.9153846153845,Ordinary Lane,15,3420 - Auto Mall NB
3689.714761688812,3874.4461538461537,Ordinary Lane,16,3420 - Auto Mall NB
3677.467186962794,3837.2769230769236,Ordinary Lane,17,3420 - Auto Mall NB
3942.3694744649592,3537.0923076923077,Ordinary Lane,18,3420 - Auto Mall NB
3647.499676514721,4028.469230769231,Ordinary Lane,14,3420 - Auto Mall NB
3645.6122098983974,3935.6923076923076,Ordinary Lane,15,3420 - Auto Mall NB
3929.2176742170736,3871.438461538461,Ordinary Lane,16,3420 - Auto Mall NB
3647.4929209214038,3838.6307692307696,Ordinary Lane,17,3420 - Auto Mall NB
3913.3250029000264,3537.715384615384,Ordinary Lane,18,3420 - Auto Mall NB
3548.271362458742,4019.292307692308,Ordinary Lane,14,3420 - Auto Mall NB
3507.758735011904,3935.3692307692313,Ordinary Lane,15,3420 - Auto Mall NB
3588.3625393461025,3879.1769230769232,Ordinary Lane,16,3420 - Auto Mall NB
3573.3862712601235,3850.7692307692305,Ordinary Lane,17,3420 - Auto Mall NB
3810.246088060089,3532.6692307692306,Ordinary Lane,18,3420 - Auto Mall NB
3742.374565396162,4022.8,Ordinary Lane,14,3420 - Auto Mall NB
3943.4066027598337,3939.461538461538,Ordinary Lane,15,3420 - Auto Mall NB
3763.8177842596097,3885.992307692308,Ordinary Lane,16,3420 - Auto Mall NB
3691.9908253307467,3854.330769230769,Ordinary Lane,17,3420 - Auto Mall NB
3995.1763898799563,3534.453846153846,Ordinary Lane,18,3420 - Auto Mall NB
3748.0369698117825,4027.9846153846147,Ordinary Lane,14,3420 - Auto Mall NB
3897.6624698420414,3953.5923076923077,Ordinary Lane,15,3420 - Auto Mall NB
3744.9508247982067,3898.7,Ordinary Lane,16,3420 - Auto Mall NB
3712.367886048067,3822.892307692308,Ordinary Lane,17,3420 - Auto Mall NB
3992.5999467050706,3526.646153846154,Ordinary Lane,18,3420 - Auto Mall NB
3680.8741573807424,4030.146153846154,Ordinary Lane,14,3420 - Auto Mall NB
3752.9069003932395,3964.0538461538467,Ordinary Lane,15,3420 - Auto Mall NB
3689.714761688812,3892.107692307692,Ordinary Lane,16,3420 - Auto Mall NB
3677.467186962794,3817.892307692308,Ordinary Lane,17,3420 - Auto Mall NB
3942.3694744649592,3523.1846153846154,Ordinary Lane,18,3420 - Auto Mall NB
3647.499676514721,4037.4230769230767,Ordinary Lane,14,3420 - Auto Mall NB
3603.8110185087926,3873.7307692307686,Ordinary Lane,15,3420 - Auto Mall NB
3912.3718972256465,3918.2,Ordinary Lane,16,3420 - Auto Mall NB
3647.492920921404,3839.415384615385,Ordinary Lane,17,3420 - Auto Mall NB
3913.3250029000264,3542.2307692307695,Ordinary Lane,18,3420 - Auto Mall NB
3548.271362458742,4053.5230769230766,Ordinary Lane,14,3420 - Auto Mall NB
3507.744898491628,3902.207692307692,Ordinary Lane,15,3420 - Auto Mall NB
3577.3001274859503,3957.1153846153843,Ordinary Lane,16,3420 - Auto Mall NB
3573.3862712601235,3886.961538461539,Ordinary Lane,17,3420 - Auto Mall NB
3810.246088060089,3596.346153846154,Ordinary Lane,18,3420 - Auto Mall NB
3742.374565396162,4014.9846153846147,Ordinary Lane,14,3420 - Auto Mall NB
3943.4066027598337,3902.9230769230767,Ordinary Lane,15,3420 - Auto Mall NB
3763.8177842596106,3989.8692307692304,Ordinary Lane,16,3420 - Auto Mall NB
3691.990825330749,3915.038461538462,Ordinary Lane,17,3420 - Auto Mall NB
3995.176389879957,3610.846153846154,Ordinary Lane,18,3420 - Auto Mall NB
3748.0369698117825,4029.1769230769232,Ordinary Lane,14,3420 - Auto Mall NB
3815.6029353170384,3917.5846153846155,Ordinary Lane,15,3420 - Auto Mall NB
3744.9508247982067,3981.853846153846,Ordinary Lane,16,3420 - Auto Mall NB
3712.3678860480672,3925.4769230769234,Ordinary Lane,17,3420 - Auto Mall NB
3992.5999467050706,3616.3307692307694,Ordinary Lane,18,3420 - Auto Mall NB
3680.8741573807424,4039.5,Ordinary Lane,14,3420 - Auto Mall NB
3705.5185570139424,3919.061538461539,Ordinary Lane,15,3420 - Auto Mall NB
3689.7147616888124,3987.0538461538463,Ordinary Lane,16,3420 - Auto Mall NB
3677.4671869627946,3931.253846153846,Ordinary Lane,17,3420 - Auto Mall NB
3942.3694744649592,3609.069230769231,Ordinary Lane,18,3420 - Auto Mall NB
3647.499676514721,4040.823076923077,Ordinary Lane,14,3420 - Auto Mall NB
3603.8110185087703,3910.1307692307696,Ordinary Lane,15,3420 - Auto Mall NB
3929.3767968703314,4002.2692307692314,Ordinary Lane,16,3420 - Auto Mall NB
3647.4929218163115,3939.192307692307,Ordinary Lane,17,3420 - Auto Mall NB
3913.3250029000264,3603.892307692308,Ordinary Lane,18,3420 - Auto Mall NB
3548.271362458742,4049.3153846153846,Ordinary Lane,14,3420 - Auto Mall NB
3502.3366480260424,3911.4384615384615,Ordinary Lane,15,3420 - Auto Mall NB
3577.3001274859503,3996.2,Ordinary Lane,16,3420 - Auto Mall NB
3573.3862712601235,3940.969230769231,Ordinary Lane,17,3420 - Auto Mall NB
3810.246088060089,3608.5153846153844,Ordinary Lane,18,3420 - Auto Mall NB
3742.374565396162,4045.415384615385,Ordinary Lane,14,3420 - Auto Mall NB
3943.4066027598337,3885.161538461539,Ordinary Lane,15,3420 - Auto Mall NB
3814.3475665673254,3990.9153846153845,Ordinary Lane,16,3420 - Auto Mall NB
3691.990825330749,3943.507692307693,Ordinary Lane,17,3420 - Auto Mall NB
3995.1763898799563,3627.261538461539,Ordinary Lane,18,3420 - Auto Mall NB
3748.0369698117825,4052.0461538461545,Ordinary Lane,14,3420 - Auto Mall NB
3740.5758191121467,3885.1615384615384,Ordinary Lane,15,3420 - Auto Mall NB
3771.0522211726634,3989.5615384615385,Ordinary Lane,16,3420 - Auto Mall NB
3712.3678860480672,3985.253846153846,Ordinary Lane,17,3420 - Auto Mall NB
3992.5999467050706,3647.576923076923,Ordinary Lane,18,3420 - Auto Mall NB
3680.8741573807415,4056.930769230769,Ordinary Lane,14,3420 - Auto Mall NB
3702.698499484653,3886.3,Ordinary Lane,15,3420 - Auto Mall NB
3689.7147616888124,3990.3384615384616,Ordinary Lane,16,3420 - Auto Mall NB
3677.467186962794,3994.6307692307687,Ordinary Lane,17,3420 - Auto Mall NB
3942.3694744649592,3651.146153846154,Ordinary Lane,18,3420 - Auto Mall NB
3647.499676514721,4057.5,Ordinary Lane,14,3420 - Auto Mall NB
3603.8110185087703,3985.361538461539,Ordinary Lane,15,3420 - Auto Mall NB
3929.8541648258442,3989.9,Ordinary Lane,16,3420 - Auto Mall NB
3647.4929218200427,3996.576923076923,Ordinary Lane,17,3420 - Auto Mall NB
3913.3250029000264,3660.2615384615383,Ordinary Lane,18,3420 - Auto Mall NB
3548.271362458742,4069.207692307693,Ordinary Lane,14,3420 - Auto Mall NB
3497.043486975091,3993.2769230769236,Ordinary Lane,15,3420 - Auto Mall NB
3577.259941606716,3996.323076923077,Ordinary Lane,16,3420 - Auto Mall NB
3573.3862712601235,3990.4153846153845,Ordinary Lane,17,3420 - Auto Mall NB
3810.246088060089,3582.046153846154,Ordinary Lane,18,3420 - Auto Mall NB
3742.374565396162,4099.546153846154,Ordinary Lane,14,3420 - Auto Mall NB
3846.1059863190662,3987.661538461539,Ordinary Lane,15,3420 - Auto Mall NB
3814.347566567326,3991.2307692307695,Ordinary Lane,16,3420 - Auto Mall NB
3691.9908253307485,3978.6692307692306,Ordinary Lane,17,3420 - Auto Mall NB
3995.1763898799563,3575.492307692308,Ordinary Lane,18,3420 - Auto Mall NB
3748.0369698117825,4105.715384615384,Ordinary Lane,14,3420 - Auto Mall NB
3712.4030599392913,3996.8153846153846,Ordinary Lane,15,3420 - Auto Mall NB
3771.0522211726634,3997.969230769231,Ordinary Lane,16,3420 - Auto Mall NB
3712.3678860480672,3972.846153846154,Ordinary Lane,17,3420 - Auto Mall NB
3992.5999467050706,3575.8769230769235,Ordinary Lane,18,3420 - Auto Mall NB
3680.8741573807415,4109.276923076923,Ordinary Lane,14,3420 - Auto Mall NB
3691.458317471032,4003.4846153846156,Ordinary Lane,15,3420 - Auto Mall NB
3689.7147616888124,4006.3230769230768,Ordinary Lane,16,3420 - Auto Mall NB
3677.4671869627946,3962.2230769230773,Ordinary Lane,17,3420 - Auto Mall NB
3942.3694744649592,3583.6307692307696,Ordinary Lane,18,3420 - Auto Mall NB
3647.499676514721,4096.169230769231,Ordinary Lane,14,3420 - Auto Mall NB
3600.0579345547253,4015.7769230769227,Ordinary Lane,15,3420 - Auto Mall NB
3927.8648139916213,3988.7307692307695,Ordinary Lane,16,3420 - Auto Mall NB
3647.4929218200427,3953.784615384616,Ordinary Lane,17,3420 - Auto Mall NB
3913.325002900026,3595.138461538462,Ordinary Lane,18,3420 - Auto Mall NB
3548.271362458742,4093.038461538462,Ordinary Lane,14,3420 - Auto Mall NB
3497.043486975091,4023.1307692307687,Ordinary Lane,15,3420 - Auto Mall NB
3571.7938018798204,4001.153846153846,Ordinary Lane,16,3420 - Auto Mall NB
3573.3862712601235,3957.346153846154,Ordinary Lane,17,3420 - Auto Mall NB
3810.246088060089,3602.6615384615384,Ordinary Lane,18,3420 - Auto Mall NB
3742.374565396162,4669.76,Ordinary Lane,14,3430 - Mowry NB
3846.1059863190653,4560.2,Ordinary Lane,15,3430 - Mowry NB
3814.3475665673254,4519.36,Ordinary Lane,16,3430 - Mowry NB
3691.990825330748,4419.88,Ordinary Lane,17,3430 - Mowry NB
3995.1763898799563,4187.62,Ordinary Lane,18,3430 - Mowry NB
3748.0369698117825,4652.8,Ordinary Lane,14,3430 - Mowry NB
3712.4030599392913,4547.5599999999995,Ordinary Lane,15,3430 - Mowry NB
3771.0522211726634,4525.44,Ordinary Lane,16,3430 - Mowry NB
3712.3678860480672,4405.379999999999,Ordinary Lane,17,3430 - Mowry NB
3992.5999467050706,4176.280000000001,Ordinary Lane,18,3430 - Mowry NB
3680.8741573807415,4684.660000000001,Ordinary Lane,14,3430 - Mowry NB
3691.458317471032,4549.320000000001,Ordinary Lane,15,3430 - Mowry NB
3689.7147616888124,4533.780000000001,Ordinary Lane,16,3430 - Mowry NB
3671.84371314872,4444.42,Ordinary Lane,17,3430 - Mowry NB
3942.369474464959,4270.74,Ordinary Lane,18,3430 - Mowry NB
3647.499676514721,4690.46,Ordinary Lane,14,3430 - Mowry NB
3600.0579341612265,4581.98,Ordinary Lane,15,3430 - Mowry NB
3726.9769042174025,4556.24,Ordinary Lane,16,3430 - Mowry NB
3665.661487063079,4447.42,Ordinary Lane,17,3430 - Mowry NB
3913.325002900026,4286.38,Ordinary Lane,18,3430 - Mowry NB
3548.2713624587414,4699.08,Ordinary Lane,14,3430 - Mowry NB
3502.451737440677,4595.24,Ordinary Lane,15,3430 - Mowry NB
3589.313712004248,4597.08,Ordinary Lane,16,3430 - Mowry NB
3573.3862712601235,4483.780000000001,Ordinary Lane,17,3430 - Mowry NB
3810.2460880600884,4314.02,Ordinary Lane,18,3430 - Mowry NB
3742.3745653961614,4729.16,Ordinary Lane,14,3430 - Mowry NB
3846.1059863190653,4600.02,Ordinary Lane,15,3430 - Mowry NB
3814.3475665673254,4615.08,Ordinary Lane,16,3430 - Mowry NB
3691.990825330749,4495.0199999999995,Ordinary Lane,17,3430 - Mowry NB
3995.176389879957,4285.679999999999,Ordinary Lane,18,3430 - Mowry NB
3748.0369698117825,4732.9400000000005,Ordinary Lane,14,3430 - Mowry NB
3712.4030599392913,4604.539999999999,Ordinary Lane,15,3430 - Mowry NB
3771.0522211726634,4620.320000000001,Ordinary Lane,16,3430 - Mowry NB
3712.3678860480672,4491.6,Ordinary Lane,17,3430 - Mowry NB
3992.5999467050706,4276.84,Ordinary Lane,18,3430 - Mowry NB
3680.8741573807415,4731.8,Ordinary Lane,14,3430 - Mowry NB
3691.4583174710324,4640.139999999999,Ordinary Lane,15,3430 - Mowry NB
3689.714761688813,4632.039999999999,Ordinary Lane,16,3430 - Mowry NB
3677.467186962794,4476.26,Ordinary Lane,17,3430 - Mowry NB
3942.369474464959,4255.0199999999995,Ordinary Lane,18,3430 - Mowry NB
3647.4996765147207,4736.839999999999,Ordinary Lane,14,3430 - Mowry NB
3600.0579341582625,4649.42,Ordinary Lane,15,3430 - Mowry NB
3734.206402461451,4487.9400000000005,Ordinary Lane,16,3430 - Mowry NB
3665.6614870630788,4291.56,Ordinary Lane,17,3430 - Mowry NB
3913.325002900025,4183.179999999999,Ordinary Lane,18,3430 - Mowry NB
3548.2713624587414,4754.039999999999,Ordinary Lane,14,3430 - Mowry NB
3498.8462371302867,4710.320000000001,Ordinary Lane,15,3430 - Mowry NB
3589.313712004248,4551.86,Ordinary Lane,16,3430 - Mowry NB
3573.3862712601235,4356.72,Ordinary Lane,17,3430 - Mowry NB
3810.2460880600884,4249.3,Ordinary Lane,18,3430 - Mowry NB
3742.3745653961614,4729.9,Ordinary Lane,14,3430 - Mowry NB
3846.105986319066,4712.82,Ordinary Lane,15,3430 - Mowry NB
3915.407131182752,4543.4400000000005,Ordinary Lane,16,3430 - Mowry NB
3691.990825330749,4354.679999999999,Ordinary Lane,17,3430 - Mowry NB
3995.176389879957,4248.56,Ordinary Lane,18,3430 - Mowry NB
3748.0369698117825,4764.2,Ordinary Lane,14,3430 - Mowry NB
3712.4030599392913,4733.7,Ordinary Lane,15,3430 - Mowry NB
3875.4578066704894,4557.1,Ordinary Lane,16,3430 - Mowry NB
3712.3678860480672,4361.620000000001,Ordinary Lane,17,3430 - Mowry NB
3992.5999467050706,4184.08,Ordinary Lane,18,3430 - Mowry NB
3680.8741573807415,4779.0,Ordinary Lane,14,3430 - Mowry NB
3691.9097893807107,4786.18,Ordinary Lane,15,3430 - Mowry NB
3690.6177055081694,4563.82,Ordinary Lane,16,3430 - Mowry NB
3677.467186962794,4351.0,Ordinary Lane,17,3430 - Mowry NB
3942.369474464959,4185.6,Ordinary Lane,18,3430 - Mowry NB
3647.4996765147207,4789.84,Ordinary Lane,14,3430 - Mowry NB
3584.0257075651143,4710.4800000000005,Ordinary Lane,15,3430 - Mowry NB
3734.145944594822,4571.460000000001,Ordinary Lane,16,3430 - Mowry NB
3647.4929218202124,4354.5199999999995,Ordinary Lane,17,3430 - Mowry NB
3905.6020005976684,4177.86,Ordinary Lane,18,3430 - Mowry NB
3548.271362458742,4783.38,Ordinary Lane,14,3430 - Mowry NB
3498.846237130286,4693.679999999999,Ordinary Lane,15,3430 - Mowry NB
3589.3137120042475,4554.1,Ordinary Lane,16,3430 - Mowry NB
3573.3862712601235,4353.38,Ordinary Lane,17,3430 - Mowry NB
3810.246088060088,4179.7,Ordinary Lane,18,3430 - Mowry NB
3742.374565396162,4768.860000000001,Ordinary Lane,14,3430 - Mowry NB
3846.1059863190653,4692.38,Ordinary Lane,15,3430 - Mowry NB
3915.407131182752,4544.66,Ordinary Lane,16,3430 - Mowry NB
3691.990825330749,4359.5,Ordinary Lane,17,3430 - Mowry NB
3995.176389879957,4218.160000000001,Ordinary Lane,18,3430 - Mowry NB
3748.0369698117825,4773.18,Ordinary Lane,14,3430 - Mowry NB
3712.4030599392913,4693.3,Ordinary Lane,15,3430 - Mowry NB
3875.620171739657,4539.679999999999,Ordinary Lane,16,3430 - Mowry NB
3712.3678860480672,4270.2,Ordinary Lane,17,3430 - Mowry NB
3992.5999467050706,4219.42,Ordinary Lane,18,3430 - Mowry NB
3680.8741573807424,4756.66,Ordinary Lane,14,3430 - Mowry NB
3703.336190148782,4681.339999999999,Ordinary Lane,15,3430 - Mowry NB
3733.5983180633275,4548.92,Ordinary Lane,16,3430 - Mowry NB
3677.4151797939253,4315.4,Ordinary Lane,17,3430 - Mowry NB
3942.369474464959,4232.8,Ordinary Lane,18,3430 - Mowry NB
3647.4996765147207,4759.4400000000005,Ordinary Lane,14,3430 - Mowry NB
3584.0257075651143,4694.9400000000005,Ordinary Lane,15,3430 - Mowry NB
3734.1459445948217,4719.48,Ordinary Lane,16,3430 - Mowry NB
3665.6614870630337,4523.9,Ordinary Lane,17,3430 - Mowry NB
3905.602000597669,4337.42,Ordinary Lane,18,3430 - Mowry NB
3548.271362458742,4764.200000000001,Ordinary Lane,14,3430 - Mowry NB
3502.4517374406773,4719.879999999999,Ordinary Lane,15,3430 - Mowry NB
3589.313712004248,4713.9,Ordinary Lane,16,3430 - Mowry NB
3573.3862712601235,4530.96,Ordinary Lane,17,3430 - Mowry NB
3810.2460880600884,4340.2,Ordinary Lane,18,3430 - Mowry NB
3742.374565396162,4763.18,Ordinary Lane,14,3430 - Mowry NB
3846.1059863190653,4690.3,Ordinary Lane,15,3430 - Mowry NB
3915.407131182752,4719.5199999999995,Ordinary Lane,16,3430 - Mowry NB
3691.990825330749,4528.960000000001,Ordinary Lane,17,3430 - Mowry NB
3995.176389879957,4353.219999999999,Ordinary Lane,18,3430 - Mowry NB
3748.0369698117825,4750.780000000001,Ordinary Lane,14,3430 - Mowry NB
3712.4030599392913,4678.64,Ordinary Lane,15,3430 - Mowry NB
3927.82296448857,4736.46,Ordinary Lane,16,3430 - Mowry NB
3712.3678860480672,4553.94,Ordinary Lane,17,3430 - Mowry NB
3992.5999467050706,4413.9800000000005,Ordinary Lane,18,3430 - Mowry NB
3680.8741573807424,4727.7,Ordinary Lane,14,3430 - Mowry NB
3725.816554176023,4650.0599999999995,Ordinary Lane,15,3430 - Mowry NB
3733.5983180633275,4688.52,Ordinary Lane,16,3430 - Mowry NB
3677.4151797939253,4553.4,Ordinary Lane,17,3430 - Mowry NB
3942.369474464959,4409.88,Ordinary Lane,18,3430 - Mowry NB
3647.4996765147207,4726.660000000001,Ordinary Lane,14,3430 - Mowry NB
3584.02570756516,4709.38,Ordinary Lane,15,3430 - Mowry NB
3734.145944594799,4665.24,Ordinary Lane,16,3430 - Mowry NB
3665.6614875121295,4570.9,Ordinary Lane,17,3430 - Mowry NB
3913.3250029000255,4429.7,Ordinary Lane,18,3430 - Mowry NB
3548.271362458742,4672.5199999999995,Ordinary Lane,14,3430 - Mowry NB
3502.451737440677,4645.92,Ordinary Lane,15,3430 - Mowry NB
3589.313712004248,4631.42,Ordinary Lane,16,3430 - Mowry NB
3573.3862712601235,4516.02,Ordinary Lane,17,3430 - Mowry NB
3810.2460880600884,4398.1,Ordinary Lane,18,3430 - Mowry NB
3742.374565396162,4591.78,Ordinary Lane,14,3430 - Mowry NB
3846.1059863190653,4613.9,Ordinary Lane,15,3430 - Mowry NB
3915.407131182752,4643.4,Ordinary Lane,16,3430 - Mowry NB
3691.9908253307467,4534.18,Ordinary Lane,17,3430 - Mowry NB
3995.1763898799563,4347.6,Ordinary Lane,18,3430 - Mowry NB
3748.0369698117825,4596.14,Ordinary Lane,14,3430 - Mowry NB
3712.403059939291,4601.539999999999,Ordinary Lane,15,3430 - Mowry NB
3875.457806670489,4631.58,Ordinary Lane,16,3430 - Mowry NB
3712.367886048067,4646.3,Ordinary Lane,17,3430 - Mowry NB
3992.59994670507,4368.76,Ordinary Lane,18,3430 - Mowry NB
3680.8741573807424,4627.06,Ordinary Lane,14,3430 - Mowry NB
3702.6984994846525,4590.780000000001,Ordinary Lane,15,3430 - Mowry NB
3689.7147616888124,4613.66,Ordinary Lane,16,3430 - Mowry NB
3677.467186962794,4649.34,Ordinary Lane,17,3430 - Mowry NB
3942.369474464959,4376.14,Ordinary Lane,18,3430 - Mowry NB
3647.4996765147207,4625.54,Ordinary Lane,14,3430 - Mowry NB
3584.02570756516,4573.9,Ordinary Lane,15,3430 - Mowry NB
3690.360562343501,4612.460000000001,Ordinary Lane,16,3430 - Mowry NB
3665.6614875121295,4654.0199999999995,Ordinary Lane,17,3430 - Mowry NB
3905.6020005976684,4374.3,Ordinary Lane,18,3430 - Mowry NB
3548.271362458742,4615.719999999999,Ordinary Lane,14,3430 - Mowry NB
3502.451737440677,4539.9400000000005,Ordinary Lane,15,3430 - Mowry NB
3588.322353466868,4624.88,Ordinary Lane,16,3430 - Mowry NB
3573.3862712601235,4667.12,Ordinary Lane,17,3430 - Mowry NB
3810.2460880600884,4391.8,Ordinary Lane,18,3430 - Mowry NB
3742.374565396162,4618.24,Ordinary Lane,14,3430 - Mowry NB
3846.1059863190653,4545.96,Ordinary Lane,15,3430 - Mowry NB
3763.8177842596097,4584.08,Ordinary Lane,16,3430 - Mowry NB
3691.9908253307467,4570.820000000001,Ordinary Lane,17,3430 - Mowry NB
3995.1763898799563,4394.68,Ordinary Lane,18,3430 - Mowry NB
3748.036969811783,4620.14,Ordinary Lane,14,3430 - Mowry NB
3712.403059939291,4539.2,Ordinary Lane,15,3430 - Mowry NB
3771.052221172663,4563.5199999999995,Ordinary Lane,16,3430 - Mowry NB
3712.367886048067,4554.74,Ordinary Lane,17,3430 - Mowry NB
3992.59994670507,4429.6,Ordinary Lane,18,3430 - Mowry NB
3680.8741573807424,4616.64,Ordinary Lane,14,3430 - Mowry NB
3702.6984994846525,4523.379999999999,Ordinary Lane,15,3430 - Mowry NB
3689.7147616888124,4584.5599999999995,Ordinary Lane,16,3430 - Mowry NB
3671.84371314872,4545.639999999999,Ordinary Lane,17,3430 - Mowry NB
3942.369474464959,4426.08,Ordinary Lane,18,3430 - Mowry NB
3647.4996765147207,4608.7,Ordinary Lane,14,3430 - Mowry NB
3584.02570756516,4499.78,Ordinary Lane,15,3430 - Mowry NB
3690.360562343501,4562.22,Ordinary Lane,16,3430 - Mowry NB
3665.661487063079,4516.280000000001,Ordinary Lane,17,3430 - Mowry NB
3905.6020005976684,4399.1,Ordinary Lane,18,3430 - Mowry NB
3548.271362458742,4627.5199999999995,Ordinary Lane,14,3430 - Mowry NB
3507.744898491628,4544.9400000000005,Ordinary Lane,15,3430 - Mowry NB
3589.3538978834817,4584.14,Ordinary Lane,16,3430 - Mowry NB
3573.3862712601235,4556.62,Ordinary Lane,17,3430 - Mowry NB
3810.246088060088,4413.68,Ordinary Lane,18,3430 - Mowry NB
3742.374565396162,4703.18,Ordinary Lane,14,3430 - Mowry NB
3846.1059863190653,4577.78,Ordinary Lane,15,3430 - Mowry NB
3763.817784259609,4514.860000000001,Ordinary Lane,16,3430 - Mowry NB
3691.9908253307462,4567.86,Ordinary Lane,17,3430 - Mowry NB
3995.176389879956,4471.5199999999995,Ordinary Lane,18,3430 - Mowry NB
3748.0369698117825,4683.3,Ordinary Lane,14,3430 - Mowry NB
3712.403059939291,4572.5,Ordinary Lane,15,3430 - Mowry NB
3744.9508247982067,4513.0,Ordinary Lane,16,3430 - Mowry NB
3712.367886048067,4553.38,Ordinary Lane,17,3430 - Mowry NB
3992.59994670507,4441.02,Ordinary Lane,18,3430 - Mowry NB
3680.8741573807424,4659.960000000001,Ordinary Lane,14,3430 - Mowry NB
3702.6984994846525,4566.82,Ordinary Lane,15,3430 - Mowry NB
3689.7147616888124,4517.0199999999995,Ordinary Lane,16,3430 - Mowry NB
3671.84371314872,4503.4,Ordinary Lane,17,3430 - Mowry NB
3942.3694744649583,4447.46,Ordinary Lane,18,3430 - Mowry NB
3647.4996765147207,4671.86,Ordinary Lane,14,3430 - Mowry NB
3584.0257075651143,4551.3,Ordinary Lane,15,3430 - Mowry NB
3690.3605623435237,4494.58,Ordinary Lane,16,3430 - Mowry NB
3647.4929218202124,4487.3,Ordinary Lane,17,3430 - Mowry NB
3905.6020005976684,4431.74,Ordinary Lane,18,3430 - Mowry NB
3548.271362458742,4625.6,Ordinary Lane,14,3430 - Mowry NB
3507.758735011904,4548.24,Ordinary Lane,15,3430 - Mowry NB
3588.3625393461025,4480.82,Ordinary Lane,16,3430 - Mowry NB
3573.3862712601235,4476.0,Ordinary Lane,17,3430 - Mowry NB
3810.2460880600884,4422.4800000000005,Ordinary Lane,18,3430 - Mowry NB
3742.374565396162,4628.1,Ordinary Lane,14,3430 - Mowry NB
3797.4556780986813,4562.18,Ordinary Lane,15,3430 - Mowry NB
3763.817784259609,4488.68,Ordinary Lane,16,3430 - Mowry NB
3691.990825330746,4576.16,Ordinary Lane,17,3430 - Mowry NB
3995.176389879956,4414.68,Ordinary Lane,18,3430 - Mowry NB
3748.0369698117825,4623.24,Ordinary Lane,14,3430 - Mowry NB
3712.403059939291,4569.0,Ordinary Lane,15,3430 - Mowry NB
3744.950824798206,4459.16,Ordinary Lane,16,3430 - Mowry NB
3712.367886048067,4582.74,Ordinary Lane,17,3430 - Mowry NB
3992.5999467050697,4417.719999999999,Ordinary Lane,18,3430 - Mowry NB
3680.8741573807424,4621.719999999999,Ordinary Lane,14,3430 - Mowry NB
3691.458317471032,4587.6,Ordinary Lane,15,3430 - Mowry NB
3689.7147616888124,4432.42,Ordinary Lane,16,3430 - Mowry NB
3671.8437131487203,4502.0,Ordinary Lane,17,3430 - Mowry NB
3942.369474464959,4435.56,Ordinary Lane,18,3430 - Mowry NB
3647.4996765147207,4620.719999999999,Ordinary Lane,14,3430 - Mowry NB
3584.0257075651143,4601.360000000001,Ordinary Lane,15,3430 - Mowry NB
3673.5147849391988,4457.0,Ordinary Lane,16,3430 - Mowry NB
3647.492921820212,4467.0599999999995,Ordinary Lane,17,3430 - Mowry NB
3905.6020005976684,4459.04,Ordinary Lane,18,3430 - Mowry NB
3548.271362458742,4639.4,Ordinary Lane,14,3430 - Mowry NB
3507.819013830755,4605.28,Ordinary Lane,15,3430 - Mowry NB
3588.342446406485,4426.7,Ordinary Lane,16,3430 - Mowry NB
3573.0651595686872,4475.68,Ordinary Lane,17,3430 - Mowry NB
3810.246088060088,4472.0,Ordinary Lane,18,3430 - Mowry NB
3742.3745653961614,4636.24,Ordinary Lane,14,3430 - Mowry NB
3796.43896534497,4598.360000000001,Ordinary Lane,15,3430 - Mowry NB
3763.8177842596087,4473.780000000001,Ordinary Lane,16,3430 - Mowry NB
3691.9908253307453,4472.780000000001,Ordinary Lane,17,3430 - Mowry NB
3995.176389879954,4474.04,Ordinary Lane,18,3430 - Mowry NB
3748.0369698117825,4638.92,Ordinary Lane,14,3430 - Mowry NB
3677.699992877016,4605.98,Ordinary Lane,15,3430 - Mowry NB
3744.9508247982067,4464.9,Ordinary Lane,16,3430 - Mowry NB
3712.367886048067,4466.48,Ordinary Lane,17,3430 - Mowry NB
3992.5999467050697,4507.5199999999995,Ordinary Lane,18,3430 - Mowry NB
3680.8741573807424,4657.0199999999995,Ordinary Lane,14,3430 - Mowry NB
3691.458317471032,4607.06,Ordinary Lane,15,3430 - Mowry NB
3689.7147616888124,4476.08,Ordinary Lane,16,3430 - Mowry NB
3667.773641557322,4508.8,Ordinary Lane,17,3430 - Mowry NB
3942.3694744649583,4517.820000000001,Ordinary Lane,18,3430 - Mowry NB
3647.4996765147207,4634.88,Ordinary Lane,14,3430 - Mowry NB
3584.025707565091,4623.4800000000005,Ordinary Lane,15,3430 - Mowry NB
3666.285286696556,4488.38,Ordinary Lane,16,3430 - Mowry NB
3647.492920921511,4509.5,Ordinary Lane,17,3430 - Mowry NB
3905.6020005976684,4519.1,Ordinary Lane,18,3430 - Mowry NB
3548.271362458742,4643.4400000000005,Ordinary Lane,14,3430 - Mowry NB
3507.819013830755,4588.280000000001,Ordinary Lane,15,3430 - Mowry NB
3588.342446406485,4440.620000000001,Ordinary Lane,16,3430 - Mowry NB
3573.0651595686872,4480.820000000001,Ordinary Lane,17,3430 - Mowry NB
3810.246088060088,4456.18,Ordinary Lane,18,3430 - Mowry NB
3742.3745653961614,4658.3,Ordinary Lane,14,3430 - Mowry NB
3747.5679079751185,4583.300000000001,Ordinary Lane,15,3430 - Mowry NB
3763.817784259609,4451.62,Ordinary Lane,16,3430 - Mowry NB
3691.9908253307453,4465.9,Ordinary Lane,17,3430 - Mowry NB
3995.1763898799545,4461.62,Ordinary Lane,18,3430 - Mowry NB
3748.0369698117825,4667.0599999999995,Ordinary Lane,14,3430 - Mowry NB
3777.4944011777816,4583.92,Ordinary Lane,15,3430 - Mowry NB
3744.9508247982067,4473.0,Ordinary Lane,16,3430 - Mowry NB
3712.3678860480672,4460.9400000000005,Ordinary Lane,17,3430 - Mowry NB
3992.5999467050706,4468.68,Ordinary Lane,18,3430 - Mowry NB
3680.8741573807424,4684.219999999999,Ordinary Lane,14,3430 - Mowry NB
3619.8082523612075,4581.92,Ordinary Lane,15,3430 - Mowry NB
3701.05895804017,4505.219999999999,Ordinary Lane,16,3430 - Mowry NB
3677.4151797939253,4554.5,Ordinary Lane,17,3430 - Mowry NB
3942.369474464959,4459.7,Ordinary Lane,18,3430 - Mowry NB
3647.4996765147207,4674.0599999999995,Ordinary Lane,14,3430 - Mowry NB
3581.001741809407,4580.92,Ordinary Lane,15,3430 - Mowry NB
3663.2613209391357,4501.5199999999995,Ordinary Lane,16,3430 - Mowry NB
3647.492920921511,4610.780000000001,Ordinary Lane,17,3430 - Mowry NB
3905.6020005976684,4448.4800000000005,Ordinary Lane,18,3430 - Mowry NB
3548.271362458742,4670.160000000001,Ordinary Lane,14,3430 - Mowry NB
3507.870152627605,4563.9800000000005,Ordinary Lane,15,3430 - Mowry NB
3588.393585203335,4533.42,Ordinary Lane,16,3430 - Mowry NB
3573.3862712601235,4602.1,Ordinary Lane,17,3430 - Mowry NB
3810.246088060088,4457.719999999999,Ordinary Lane,18,3430 - Mowry NB
3742.3745653961614,4679.4,Ordinary Lane,14,3430 - Mowry NB
3796.07753519433,4562.32,Ordinary Lane,15,3430 - Mowry NB
3763.817784259609,4559.08,Ordinary Lane,16,3430 - Mowry NB
3691.9908253307453,4602.0199999999995,Ordinary Lane,17,3430 - Mowry NB
3995.176389879954,4436.38,Ordinary Lane,18,3430 - Mowry NB
3748.0369698117825,4668.719999999999,Ordinary Lane,14,3430 - Mowry NB
3812.3787782193745,4539.36,Ordinary Lane,15,3430 - Mowry NB
3744.9508247982067,4563.9800000000005,Ordinary Lane,16,3430 - Mowry NB
3712.3678860480672,4584.7,Ordinary Lane,17,3430 - Mowry NB
3992.5999467050706,4425.54,Ordinary Lane,18,3430 - Mowry NB
3680.8741573807424,4672.08,Ordinary Lane,14,3430 - Mowry NB
3660.9504020524655,4556.9400000000005,Ordinary Lane,15,3430 - Mowry NB
3701.05895804017,4549.84,Ordinary Lane,16,3430 - Mowry NB
3677.4151797939253,4580.42,Ordinary Lane,17,3430 - Mowry NB
3942.369474464959,4382.9,Ordinary Lane,18,3430 - Mowry NB
3647.4996765147207,4686.4800000000005,Ordinary Lane,14,3430 - Mowry NB
3581.001741807671,4428.0199999999995,Ordinary Lane,15,3430 - Mowry NB
3663.2613209391357,4543.5199999999995,Ordinary Lane,16,3430 - Mowry NB
3647.492920921511,4592.280000000001,Ordinary Lane,17,3430 - Mowry NB
3905.6020005976684,4377.86,Ordinary Lane,18,3430 - Mowry NB
3548.271362458742,4702.16,Ordinary Lane,14,3430 - Mowry NB
3513.1030348597046,4419.14,Ordinary Lane,15,3430 - Mowry NB
3589.3812996137385,4583.0199999999995,Ordinary Lane,16,3430 - Mowry NB
3573.386271260123,4626.219999999999,Ordinary Lane,17,3430 - Mowry NB
3810.246088060088,4433.7,Ordinary Lane,18,3430 - Mowry NB
3742.3745653961614,4641.44,Ordinary Lane,14,3430 - Mowry NB
3746.5511952214088,4453.42,Ordinary Lane,15,3430 - Mowry NB
3763.8177842596087,4622.02,Ordinary Lane,16,3430 - Mowry NB
3691.9908253307453,4652.64,Ordinary Lane,17,3430 - Mowry NB
3995.176389879954,4444.04,Ordinary Lane,18,3430 - Mowry NB
3748.0369698117825,4631.0199999999995,Ordinary Lane,14,3430 - Mowry NB
3777.4944011777816,4441.679999999999,Ordinary Lane,15,3430 - Mowry NB
3744.9508247982067,4613.8,Ordinary Lane,16,3430 - Mowry NB
3712.367886048067,4653.74,Ordinary Lane,17,3430 - Mowry NB
3992.5999467050706,4444.0199999999995,Ordinary Lane,18,3430 - Mowry NB
3680.8741573807424,4629.360000000001,Ordinary Lane,14,3430 - Mowry NB
3619.8304100151845,4440.74,Ordinary Lane,15,3430 - Mowry NB
3700.954943702433,4598.16,Ordinary Lane,16,3430 - Mowry NB
3671.84371314872,4647.3,Ordinary Lane,17,3430 - Mowry NB
3942.369474464959,4440.88,Ordinary Lane,18,3430 - Mowry NB
3647.4996765147207,4644.7,Ordinary Lane,14,3430 - Mowry NB
3581.0017418079706,4439.84,Ordinary Lane,15,3430 - Mowry NB
3656.03182186868,4598.780000000001,Ordinary Lane,16,3430 - Mowry NB
3647.492921367007,4629.16,Ordinary Lane,17,3430 - Mowry NB
3905.6020005976684,4409.96,Ordinary Lane,18,3430 - Mowry NB
3553.2753451438853,4657.2,Ordinary Lane,14,3430 - Mowry NB
3524.6949853979145,4447.32,Ordinary Lane,15,3430 - Mowry NB
3588.4739569618027,4598.6,Ordinary Lane,16,3430 - Mowry NB
3574.4634853240823,4641.92,Ordinary Lane,17,3430 - Mowry NB
3810.2460880600884,4397.4400000000005,Ordinary Lane,18,3430 - Mowry NB
3742.3745653961614,4647.56,Ordinary Lane,14,3430 - Mowry NB
3746.5511952214083,4386.34,Ordinary Lane,15,3430 - Mowry NB
3763.8177842596083,4565.719999999999,Ordinary Lane,16,3430 - Mowry NB
3691.9908253307453,4635.54,Ordinary Lane,17,3430 - Mowry NB
3995.176389879954,4421.280000000001,Ordinary Lane,18,3430 - Mowry NB
3748.0369698117825,4653.18,Ordinary Lane,14,3430 - Mowry NB
3712.4030599392922,4386.76,Ordinary Lane,15,3430 - Mowry NB
3744.950824798207,4572.54,Ordinary Lane,16,3430 - Mowry NB
3712.3678860480663,4663.2,Ordinary Lane,17,3430 - Mowry NB
3992.599946705069,4438.0199999999995,Ordinary Lane,18,3430 - Mowry NB
3680.874157380742,4632.98,Ordinary Lane,14,3430 - Mowry NB
3614.2103190083744,4369.74,Ordinary Lane,15,3430 - Mowry NB
3689.7147616888124,4559.86,Ordinary Lane,16,3430 - Mowry NB
3667.773641557322,4676.54,Ordinary Lane,17,3430 - Mowry NB
3942.3694744649583,4478.9400000000005,Ordinary Lane,18,3430 - Mowry NB
3647.4996765147207,4621.3,Ordinary Lane,14,3430 - Mowry NB
3581.00174180797,4473.26,Ordinary Lane,15,3430 - Mowry NB
3656.03182186868,4560.68,Ordinary Lane,16,3430 - Mowry NB
3647.492921367007,4667.179999999999,Ordinary Lane,17,3430 - Mowry NB
3905.6020005976684,4489.58,Ordinary Lane,18,3430 - Mowry NB
3548.271362458742,4622.86,Ordinary Lane,14,3430 - Mowry NB
3524.681148877639,4516.48,Ordinary Lane,15,3430 - Mowry NB
3588.4739569618027,4573.08,Ordinary Lane,16,3430 - Mowry NB
3574.4634853240823,4670.5599999999995,Ordinary Lane,17,3430 - Mowry NB
3810.2460880600884,4452.12,Ordinary Lane,18,3430 - Mowry NB
3742.374565396161,4670.44,Ordinary Lane,14,3430 - Mowry NB
3746.551195221408,4494.780000000001,Ordinary Lane,15,3430 - Mowry NB
3713.288001951895,4568.139999999999,Ordinary Lane,16,3430 - Mowry NB
3691.9908253307444,4659.74,Ordinary Lane,17,3430 - Mowry NB
3995.176389879953,4456.0,Ordinary Lane,18,3430 - Mowry NB
3748.036969811782,4665.4800000000005,Ordinary Lane,14,3430 - Mowry NB
3712.403059939291,4503.4,Ordinary Lane,15,3430 - Mowry NB
3744.950824798206,4569.5,Ordinary Lane,16,3430 - Mowry NB
3712.3678860480663,4663.8,Ordinary Lane,17,3430 - Mowry NB
3992.599946705069,4423.64,Ordinary Lane,18,3430 - Mowry NB
3680.874157380742,4651.639999999999,Ordinary Lane,14,3430 - Mowry NB
3614.2103190083744,4506.26,Ordinary Lane,15,3430 - Mowry NB
3689.7147616888124,4581.7,Ordinary Lane,16,3430 - Mowry NB
3667.773641557322,4658.58,Ordinary Lane,17,3430 - Mowry NB
3942.3694744649583,4426.620000000001,Ordinary Lane,18,3430 - Mowry NB
3647.4996765147207,4624.54,Ordinary Lane,14,3430 - Mowry NB
3598.4854934113723,4501.74,Ordinary Lane,15,3430 - Mowry NB
3656.0318218687817,4563.8,Ordinary Lane,16,3430 - Mowry NB
3665.6614870627486,4668.5,Ordinary Lane,17,3430 - Mowry NB
3905.6020005976684,4452.34,Ordinary Lane,18,3430 - Mowry NB
3548.271362458742,4597.6,Ordinary Lane,14,3430 - Mowry NB
3524.6949853979145,4501.5599999999995,Ordinary Lane,15,3430 - Mowry NB
3588.4739569618027,4552.58,Ordinary Lane,16,3430 - Mowry NB
3586.342542935149,4664.24,Ordinary Lane,17,3430 - Mowry NB
3810.2460880600884,4456.64,Ordinary Lane,18,3430 - Mowry NB
3742.374565396161,4433.028571428572,Ordinary Lane,14,3440 - Decoto/84 NB
3746.551195221408,4150.271428571429,Ordinary Lane,15,3440 - Decoto/84 NB
3713.288001951894,4193.657142857143,Ordinary Lane,16,3440 - Decoto/84 NB
3691.9908253307444,4226.871428571429,Ordinary Lane,17,3440 - Decoto/84 NB
3995.176389879953,3992.5857142857144,Ordinary Lane,18,3440 - Decoto/84 NB
3748.0369698117825,4416.957142857143,Ordinary Lane,14,3440 - Decoto/84 NB
3677.699992877016,4150.671428571428,Ordinary Lane,15,3440 - Decoto/84 NB
3744.950824798206,4185.657142857142,Ordinary Lane,16,3440 - Decoto/84 NB
3712.3678860480663,4205.8,Ordinary Lane,17,3440 - Decoto/84 NB
3992.5999467050697,3976.9857142857145,Ordinary Lane,18,3440 - Decoto/84 NB
3680.8741573807424,4433.6,Ordinary Lane,14,3440 - Decoto/84 NB
3593.70273639094,4117.728571428572,Ordinary Lane,15,3440 - Decoto/84 NB
3689.714761688812,4123.314285714286,Ordinary Lane,16,3440 - Decoto/84 NB
3667.773641557322,4220.842857142858,Ordinary Lane,17,3440 - Decoto/84 NB
3942.369474464959,4051.471428571429,Ordinary Lane,18,3440 - Decoto/84 NB
3647.499676514721,4417.9857142857145,Ordinary Lane,14,3440 - Decoto/84 NB
3573.220820279602,4126.5,Ordinary Lane,15,3440 - Decoto/84 NB
3663.2613200304713,4098.7,Ordinary Lane,16,3440 - Decoto/84 NB
3665.6614870628227,4199.914285714286,Ordinary Lane,17,3440 - Decoto/84 NB
3913.325002900025,4065.228571428571,Ordinary Lane,18,3440 - Decoto/84 NB
3548.271362458742,4412.414285714285,Ordinary Lane,14,3440 - Decoto/84 NB
3524.552542461671,4136.942857142857,Ordinary Lane,15,3440 - Decoto/84 NB
3571.8339877590543,4118.757142857143,Ordinary Lane,16,3440 - Decoto/84 NB
3589.895296818462,4206.128571428571,Ordinary Lane,17,3440 - Decoto/84 NB
3810.2460880600884,4052.8142857142857,Ordinary Lane,18,3440 - Decoto/84 NB
3742.3745653961614,4491.028571428572,Ordinary Lane,14,3440 - Decoto/84 NB
3746.551195221407,4183.714285714285,Ordinary Lane,15,3440 - Decoto/84 NB
3763.8177842596083,4150.9,Ordinary Lane,16,3440 - Decoto/84 NB
3691.9908253307453,4099.3,Ordinary Lane,17,3440 - Decoto/84 NB
3995.176389879954,4004.6428571428573,Ordinary Lane,18,3440 - Decoto/84 NB
3748.0369698117825,4480.871428571429,Ordinary Lane,14,3440 - Decoto/84 NB
3677.699992877016,4178.1,Ordinary Lane,15,3440 - Decoto/84 NB
3744.950824798206,4138.342857142858,Ordinary Lane,16,3440 - Decoto/84 NB
3712.367886048067,4068.8,Ordinary Lane,17,3440 - Decoto/84 NB
3992.5999467050697,3991.2,Ordinary Lane,18,3440 - Decoto/84 NB
3680.8741573807424,4462.942857142856,Ordinary Lane,14,3440 - Decoto/84 NB
3593.70273639094,4192.085714285715,Ordinary Lane,15,3440 - Decoto/84 NB
3689.714761688812,4135.542857142858,Ordinary Lane,16,3440 - Decoto/84 NB
3667.773641557322,4077.5857142857144,Ordinary Lane,17,3440 - Decoto/84 NB
3942.3694744649583,3974.771428571429,Ordinary Lane,18,3440 - Decoto/84 NB
3647.4996765147207,4475.342857142857,Ordinary Lane,14,3440 - Decoto/84 NB
3573.2208202796014,4214.285714285714,Ordinary Lane,15,3440 - Decoto/84 NB
3663.2613200305277,4061.9142857142856,Ordinary Lane,16,3440 - Decoto/84 NB
3665.6614870627945,3945.2428571428572,Ordinary Lane,17,3440 - Decoto/84 NB
3913.325002900025,3964.2857142857147,Ordinary Lane,18,3440 - Decoto/84 NB
3548.271362458742,4486.542857142857,Ordinary Lane,14,3440 - Decoto/84 NB
3524.0240492099574,4301.242857142857,Ordinary Lane,15,3440 - Decoto/84 NB
3571.8339877590543,4172.242857142857,Ordinary Lane,16,3440 - Decoto/84 NB
3589.895296818462,4061.157142857143,Ordinary Lane,17,3440 - Decoto/84 NB
3810.2460880600884,4050.6571428571433,Ordinary Lane,18,3440 - Decoto/84 NB
3742.374565396161,4493.0142857142855,Ordinary Lane,14,3440 - Decoto/84 NB
3746.5511952214065,4320.728571428571,Ordinary Lane,15,3440 - Decoto/84 NB
3763.817784259608,4193.085714285715,Ordinary Lane,16,3440 - Decoto/84 NB
3691.990825330745,4081.971428571429,Ordinary Lane,17,3440 - Decoto/84 NB
3995.176389879953,4054.7142857142853,Ordinary Lane,18,3440 - Decoto/84 NB
3748.0369698117825,4519.257142857144,Ordinary Lane,14,3440 - Decoto/84 NB
3677.699992877016,4337.214285714286,Ordinary Lane,15,3440 - Decoto/84 NB
3744.950824798206,4209.9857142857145,Ordinary Lane,16,3440 - Decoto/84 NB
3712.3678860480663,4101.471428571428,Ordinary Lane,17,3440 - Decoto/84 NB
3992.5999467050697,4018.3571428571427,Ordinary Lane,18,3440 - Decoto/84 NB
3680.8741573807424,4536.457142857143,Ordinary Lane,14,3440 - Decoto/84 NB
3593.70273639094,4404.642857142857,Ordinary Lane,15,3440 - Decoto/84 NB
3689.714761688812,4297.542857142857,Ordinary Lane,16,3440 - Decoto/84 NB
3667.773641557322,4124.542857142857,Ordinary Lane,17,3440 - Decoto/84 NB
3942.3694744649583,4042.071428571429,Ordinary Lane,18,3440 - Decoto/84 NB
3647.499676514721,4566.542857142857,Ordinary Lane,14,3440 - Decoto/84 NB
3573.2208202796014,4388.042857142857,Ordinary Lane,15,3440 - Decoto/84 NB
3656.0318214608224,4334.000000000001,Ordinary Lane,16,3440 - Decoto/84 NB
3665.661487062736,4129.571428571428,Ordinary Lane,17,3440 - Decoto/84 NB
3913.3250029000246,4047.8,Ordinary Lane,18,3440 - Decoto/84 NB
3548.271362458742,4563.128571428571,Ordinary Lane,14,3440 - Decoto/84 NB
3523.9976998509987,4383.142857142857,Ordinary Lane,15,3440 - Decoto/84 NB
3571.8339877590543,4321.514285714286,Ordinary Lane,16,3440 - Decoto/84 NB
3586.3425429351496,4121.414285714285,Ordinary Lane,17,3440 - Decoto/84 NB
3810.2460880600884,4081.3857142857146,Ordinary Lane,18,3440 - Decoto/84 NB
3742.374565396161,4563.385714285714,Ordinary Lane,14,3440 - Decoto/84 NB
3746.551195221408,4392.7,Ordinary Lane,15,3440 - Decoto/84 NB
3713.2880019518934,4311.8,Ordinary Lane,16,3440 - Decoto/84 NB
3691.9908253307444,4255.957142857143,Ordinary Lane,17,3440 - Decoto/84 NB
3995.1763898799527,4141.085714285715,Ordinary Lane,18,3440 - Decoto/84 NB
3748.036969811782,4567.214285714286,Ordinary Lane,14,3440 - Decoto/84 NB
3652.7513908018245,4408.0142857142855,Ordinary Lane,15,3440 - Decoto/84 NB
3744.9508247982058,4326.428571428571,Ordinary Lane,16,3440 - Decoto/84 NB
3712.3678860480663,4204.7,Ordinary Lane,17,3440 - Decoto/84 NB
3992.599946705069,4153.771428571429,Ordinary Lane,18,3440 - Decoto/84 NB
3680.8741573807424,4562.785714285714,Ordinary Lane,14,3440 - Decoto/84 NB
3591.092373922982,4424.328571428572,Ordinary Lane,15,3440 - Decoto/84 NB
3689.7147616888114,4347.985714285714,Ordinary Lane,16,3440 - Decoto/84 NB
3667.7736415573227,4237.142857142857,Ordinary Lane,17,3440 - Decoto/84 NB
3942.3694744649583,4156.828571428571,Ordinary Lane,18,3440 - Decoto/84 NB
3647.499676514721,4556.4,Ordinary Lane,14,3440 - Decoto/84 NB
3566.169018287569,4434.757142857144,Ordinary Lane,15,3440 - Decoto/84 NB
3656.0318214608224,4468.257142857144,Ordinary Lane,16,3440 - Decoto/84 NB
3665.661487062851,4398.928571428571,Ordinary Lane,17,3440 - Decoto/84 NB
3913.325002900025,4219.5142857142855,Ordinary Lane,18,3440 - Decoto/84 NB
3548.271362458742,4569.114285714286,Ordinary Lane,14,3440 - Decoto/84 NB
3523.957513971765,4442.757142857143,Ordinary Lane,15,3440 - Decoto/84 NB
3566.262595949744,4466.671428571428,Ordinary Lane,16,3440 - Decoto/84 NB
3574.4634853240827,4409.928571428571,Ordinary Lane,17,3440 - Decoto/84 NB
3810.2460880600884,4225.628571428571,Ordinary Lane,18,3440 - Decoto/84 NB
3742.374565396161,4546.871428571429,Ordinary Lane,14,3440 - Decoto/84 NB
3770.654790490266,4398.085714285715,Ordinary Lane,15,3440 - Decoto/84 NB
3713.288001951894,4436.057142857144,Ordinary Lane,16,3440 - Decoto/84 NB
3691.9908253307444,4389.342857142858,Ordinary Lane,17,3440 - Decoto/84 NB
3995.176389879953,4226.885714285714,Ordinary Lane,18,3440 - Decoto/84 NB
3748.0369698117825,4510.214285714285,Ordinary Lane,14,3440 - Decoto/84 NB
3652.7513908018245,4338.428571428571,Ordinary Lane,15,3440 - Decoto/84 NB
3744.9508247982058,4429.942857142857,Ordinary Lane,16,3440 - Decoto/84 NB
3712.367886048067,4392.314285714286,Ordinary Lane,17,3440 - Decoto/84 NB
3992.5999467050697,4260.514285714286,Ordinary Lane,18,3440 - Decoto/84 NB
3680.8741573807424,4474.057142857143,Ordinary Lane,14,3440 - Decoto/84 NB
3591.092373922982,4289.657142857142,Ordinary Lane,15,3440 - Decoto/84 NB
3689.7147616888114,4386.928571428572,Ordinary Lane,16,3440 - Decoto/84 NB
3671.84371314872,4373.128571428571,Ordinary Lane,17,3440 - Decoto/84 NB
3942.369474464959,4234.085714285715,Ordinary Lane,18,3440 - Decoto/84 NB
3647.499676514721,4470.185714285713,Ordinary Lane,14,3440 - Decoto/84 NB
3566.169018287569,4311.771428571429,Ordinary Lane,15,3440 - Decoto/84 NB
3663.2613196175184,4359.0142857142855,Ordinary Lane,16,3440 - Decoto/84 NB
3665.6614875119963,4375.085714285715,Ordinary Lane,17,3440 - Decoto/84 NB
3913.3250029000246,4239.000000000001,Ordinary Lane,18,3440 - Decoto/84 NB
3548.271362458742,4428.9857142857145,Ordinary Lane,14,3440 - Decoto/84 NB
3524.306969534758,4287.771428571429,Ordinary Lane,15,3440 - Decoto/84 NB
3571.8339877590543,4338.885714285714,Ordinary Lane,16,3440 - Decoto/84 NB
3586.663654626586,4337.571428571428,Ordinary Lane,17,3440 - Decoto/84 NB
3810.2460880600884,4207.228571428572,Ordinary Lane,18,3440 - Decoto/84 NB
3742.374565396161,4366.814285714286,Ordinary Lane,14,3440 - Decoto/84 NB
3746.551195221408,4272.171428571429,Ordinary Lane,15,3440 - Decoto/84 NB
3713.288001951894,4360.4857142857145,Ordinary Lane,16,3440 - Decoto/84 NB
3691.9908253307444,4327.842857142858,Ordinary Lane,17,3440 - Decoto/84 NB
3995.176389879953,4161.4857142857145,Ordinary Lane,18,3440 - Decoto/84 NB
3748.0369698117825,4360.171428571428,Ordinary Lane,14,3440 - Decoto/84 NB
3652.7513908018245,4194.342857142858,Ordinary Lane,15,3440 - Decoto/84 NB
3744.9508247982067,4327.5,Ordinary Lane,16,3440 - Decoto/84 NB
3712.3678860480677,4392.828571428571,Ordinary Lane,17,3440 - Decoto/84 NB
3992.5999467050697,4162.142857142857,Ordinary Lane,18,3440 - Decoto/84 NB
3680.874157380742,4356.4,Ordinary Lane,14,3440 - Decoto/84 NB
3593.70273639094,4157.671428571428,Ordinary Lane,15,3440 - Decoto/84 NB
3689.714761688812,4276.642857142857,Ordinary Lane,16,3440 - Decoto/84 NB
3667.6587331340793,4284.114285714286,Ordinary Lane,17,3440 - Decoto/84 NB
3942.369474464959,4162.1,Ordinary Lane,18,3440 - Decoto/84 NB
3647.4996765147216,4348.785714285715,Ordinary Lane,14,3440 - Decoto/84 NB
3573.220820279602,4113.028571428572,Ordinary Lane,15,3440 - Decoto/84 NB
3663.2613196175193,4239.942857142856,Ordinary Lane,16,3440 - Decoto/84 NB
3696.4380715474927,4272.042857142857,Ordinary Lane,17,3440 - Decoto/84 NB
3921.0480052023827,4161.957142857143,Ordinary Lane,18,3440 - Decoto/84 NB
3548.271362458742,4326.5142857142855,Ordinary Lane,14,3440 - Decoto/84 NB
3524.306969534758,4089.6571428571433,Ordinary Lane,15,3440 - Decoto/84 NB
3571.8339877590543,4239.842857142858,Ordinary Lane,16,3440 - Decoto/84 NB
3590.216408509899,4284.9571428571435,Ordinary Lane,17,3440 - Decoto/84 NB
3810.2460880600884,4179.642857142857,Ordinary Lane,18,3440 - Decoto/84 NB
3742.3745653961614,4312.785714285715,Ordinary Lane,14,3440 - Decoto/84 NB
3746.551195221407,4030.528571428571,Ordinary Lane,15,3440 - Decoto/84 NB
3713.2880019518943,4150.785714285714,Ordinary Lane,16,3440 - Decoto/84 NB
3691.990825330745,4159.228571428571,Ordinary Lane,17,3440 - Decoto/84 NB
3995.176389879954,4163.842857142858,Ordinary Lane,18,3440 - Decoto/84 NB
3748.036969811782,4328.157142857142,Ordinary Lane,14,3440 - Decoto/84 NB
3652.7513908018245,4053.9571428571435,Ordinary Lane,15,3440 - Decoto/84 NB
3744.9508247982058,4133.171428571428,Ordinary Lane,16,3440 - Decoto/84 NB
3712.3678860480663,4156.628571428571,Ordinary Lane,17,3440 - Decoto/84 NB
3992.599946705069,4205.9,Ordinary Lane,18,3440 - Decoto/84 NB
3680.874157380742,4330.2,Ordinary Lane,14,3440 - Decoto/84 NB
3593.70273639094,4019.2714285714283,Ordinary Lane,15,3440 - Decoto/84 NB
3689.7147616888114,4070.4,Ordinary Lane,16,3440 - Decoto/84 NB
3667.6587331340793,4097.828571428572,Ordinary Lane,17,3440 - Decoto/84 NB
3942.369474464959,4199.785714285715,Ordinary Lane,18,3440 - Decoto/84 NB
3647.4996765147216,4288.142857142857,Ordinary Lane,14,3440 - Decoto/84 NB
3573.220820279602,3927.7571428571428,Ordinary Lane,15,3440 - Decoto/84 NB
3663.2613196175193,3989.9,Ordinary Lane,16,3440 - Decoto/84 NB
3714.606636790229,4029.7285714285717,Ordinary Lane,17,3440 - Decoto/84 NB
3921.048005202383,4166.071428571428,Ordinary Lane,18,3440 - Decoto/84 NB
3548.271362458742,4305.128571428571,Ordinary Lane,14,3440 - Decoto/84 NB
3524.7731723384263,3916.4857142857145,Ordinary Lane,15,3440 - Decoto/84 NB
3571.8339877590543,3979.5428571428574,Ordinary Lane,16,3440 - Decoto/84 NB
3587.901633256221,4040.0428571428574,Ordinary Lane,17,3440 - Decoto/84 NB
3810.246088060089,4176.871428571429,Ordinary Lane,18,3440 - Decoto/84 NB
3742.3745653961614,4330.9857142857145,Ordinary Lane,14,3440 - Decoto/84 NB
3770.1464341134106,3897.557142857143,Ordinary Lane,15,3440 - Decoto/84 NB
3713.2880019518943,3943.3857142857146,Ordinary Lane,16,3440 - Decoto/84 NB
3691.990825330745,4069.0142857142855,Ordinary Lane,17,3440 - Decoto/84 NB
3995.176389879954,4222.742857142857,Ordinary Lane,18,3440 - Decoto/84 NB
3748.0369698117825,4314.3,Ordinary Lane,14,3440 - Decoto/84 NB
3666.0004081832953,3932.9142857142856,Ordinary Lane,15,3440 - Decoto/84 NB
3744.9508247982058,3911.4857142857145,Ordinary Lane,16,3440 - Decoto/84 NB
3712.367886048067,4036.6714285714284,Ordinary Lane,17,3440 - Decoto/84 NB
3992.5999467050697,4209.971428571429,Ordinary Lane,18,3440 - Decoto/84 NB
3680.874157380742,4301.228571428572,Ordinary Lane,14,3440 - Decoto/84 NB
3593.70273639094,3909.9285714285716,Ordinary Lane,15,3440 - Decoto/84 NB
3689.714761688812,3907.8285714285716,Ordinary Lane,16,3440 - Decoto/84 NB
3667.6587331340793,4031.557142857143,Ordinary Lane,17,3440 - Decoto/84 NB
3942.369474464959,4218.5142857142855,Ordinary Lane,18,3440 - Decoto/84 NB
3647.4996765147216,4275.642857142857,Ordinary Lane,14,3440 - Decoto/84 NB
3566.1690182875695,3858.2428571428572,Ordinary Lane,15,3440 - Decoto/84 NB
3663.2613195434005,3852.9,Ordinary Lane,16,3440 - Decoto/84 NB
3696.438071543611,3970.1857142857143,Ordinary Lane,17,3440 - Decoto/84 NB
3921.048005202383,4205.885714285714,Ordinary Lane,18,3440 - Decoto/84 NB
3548.271362458742,4239.357142857143,Ordinary Lane,14,3440 - Decoto/84 NB
3524.7731723384263,3837.2428571428572,Ordinary Lane,15,3440 - Decoto/84 NB
3571.8339877590543,3817.8857142857146,Ordinary Lane,16,3440 - Decoto/84 NB
3574.4634853240827,3936.9857142857145,Ordinary Lane,17,3440 - Decoto/84 NB
3810.246088060089,4202.685714285714,Ordinary Lane,18,3440 - Decoto/84 NB
3742.3745653961614,4256.328571428572,Ordinary Lane,14,3440 - Decoto/84 NB
3737.2268249489402,3928.3857142857137,Ordinary Lane,15,3440 - Decoto/84 NB
3713.288001951895,3815.2285714285717,Ordinary Lane,16,3440 - Decoto/84 NB
3691.990825330745,4075.1142857142863,Ordinary Lane,17,3440 - Decoto/84 NB
3995.1763898799545,4203.757142857143,Ordinary Lane,18,3440 - Decoto/84 NB
3748.0369698117825,4259.657142857142,Ordinary Lane,14,3440 - Decoto/84 NB
3666.0004081832953,3918.128571428572,Ordinary Lane,15,3440 - Decoto/84 NB
3744.950824798206,3804.0428571428574,Ordinary Lane,16,3440 - Decoto/84 NB
3712.3678860480672,4063.3285714285716,Ordinary Lane,17,3440 - Decoto/84 NB
3992.5999467050706,4201.228571428572,Ordinary Lane,18,3440 - Decoto/84 NB
3680.874157380742,4255.757142857143,Ordinary Lane,14,3440 - Decoto/84 NB
3591.0923739229825,3934.8857142857146,Ordinary Lane,15,3440 - Decoto/84 NB
3689.7147616888114,3819.8571428571427,Ordinary Lane,16,3440 - Decoto/84 NB
3671.6713505138555,4055.6,Ordinary Lane,17,3440 - Decoto/84 NB
3942.369474464959,4232.957142857143,Ordinary Lane,18,3440 - Decoto/84 NB
3647.4996765147216,4275.257142857144,Ordinary Lane,14,3440 - Decoto/84 NB
3566.1690182875695,3997.971428571428,Ordinary Lane,15,3440 - Decoto/84 NB
3656.031821460823,3872.0142857142855,Ordinary Lane,16,3440 - Decoto/84 NB
3665.661487058883,4074.828571428571,Ordinary Lane,17,3440 - Decoto/84 NB
3921.048005202383,4269.242857142857,Ordinary Lane,18,3440 - Decoto/84 NB
3548.271362458742,4278.785714285715,Ordinary Lane,14,3440 - Decoto/84 NB
3526.109766974733,3983.157142857143,Ordinary Lane,15,3440 - Decoto/84 NB
3571.8339877590543,3850.9571428571435,Ordinary Lane,16,3440 - Decoto/84 NB
3573.5470358257994,4101.5,Ordinary Lane,17,3440 - Decoto/84 NB
3810.2460880600884,4290.9857142857145,Ordinary Lane,18,3440 - Decoto/84 NB
3742.374565396162,4303.085714285715,Ordinary Lane,14,3440 - Decoto/84 NB
3736.887920697704,4015.9571428571426,Ordinary Lane,15,3440 - Decoto/84 NB
3713.2880019518952,3866.8571428571427,Ordinary Lane,16,3440 - Decoto/84 NB
3691.990825330746,4107.757142857143,Ordinary Lane,17,3440 - Decoto/84 NB
3995.176389879956,4298.657142857142,Ordinary Lane,18,3440 - Decoto/84 NB
3748.0369698117825,4321.057142857144,Ordinary Lane,14,3440 - Decoto/84 NB
3659.2082690008547,4033.8285714285716,Ordinary Lane,15,3440 - Decoto/84 NB
3744.950824798206,3876.7857142857147,Ordinary Lane,16,3440 - Decoto/84 NB
3712.3678860480672,4121.442857142857,Ordinary Lane,17,3440 - Decoto/84 NB
3992.599946705071,4331.828571428571,Ordinary Lane,18,3440 - Decoto/84 NB
3680.874157380742,4337.614285714286,Ordinary Lane,14,3440 - Decoto/84 NB
3591.0923739229825,4057.057142857143,Ordinary Lane,15,3440 - Decoto/84 NB
3689.714761688812,3887.3857142857146,Ordinary Lane,16,3440 - Decoto/84 NB
3671.6713505138555,4202.357142857143,Ordinary Lane,17,3440 - Decoto/84 NB
3942.369474464959,4343.957142857143,Ordinary Lane,18,3440 - Decoto/84 NB
3647.4996765147216,4350.757142857143,Ordinary Lane,14,3440 - Decoto/84 NB
3566.1690182875695,4108.328571428572,Ordinary Lane,15,3440 - Decoto/84 NB
3663.2613195434,3949.628571428572,Ordinary Lane,16,3440 - Decoto/84 NB
3665.661486609738,4228.157142857142,Ordinary Lane,17,3440 - Decoto/84 NB
3921.048005202383,4336.728571428572,Ordinary Lane,18,3440 - Decoto/84 NB
3548.271362458742,4383.885714285714,Ordinary Lane,14,3440 - Decoto/84 NB
3525.7258705941076,4123.642857142857,Ordinary Lane,15,3440 - Decoto/84 NB
3571.8339877590543,3953.5857142857144,Ordinary Lane,16,3440 - Decoto/84 NB
3574.0293295228266,4242.628571428571,Ordinary Lane,17,3440 - Decoto/84 NB
3810.2460880600884,4311.942857142857,Ordinary Lane,18,3440 - Decoto/84 NB
3742.374565396162,4400.942857142857,Ordinary Lane,14,3440 - Decoto/84 NB
3770.1464341134133,4131.571428571429,Ordinary Lane,15,3440 - Decoto/84 NB
3713.2880019518957,4070.4142857142856,Ordinary Lane,16,3440 - Decoto/84 NB
3691.990825330746,4242.857142857143,Ordinary Lane,17,3440 - Decoto/84 NB
3995.1763898799563,4329.185714285714,Ordinary Lane,18,3440 - Decoto/84 NB
3748.0369698117825,4397.914285714285,Ordinary Lane,14,3440 - Decoto/84 NB
3666.0004081832953,4143.671428571429,Ordinary Lane,15,3440 - Decoto/84 NB
3744.9508247982067,4094.0142857142855,Ordinary Lane,16,3440 - Decoto/84 NB
3712.3678860480672,4253.942857142857,Ordinary Lane,17,3440 - Decoto/84 NB
3992.599946705071,4346.842857142857,Ordinary Lane,18,3440 - Decoto/84 NB
3680.874157380742,4399.971428571429,Ordinary Lane,14,3440 - Decoto/84 NB
3605.9798655336062,4164.0,Ordinary Lane,15,3440 - Decoto/84 NB
3689.714761688812,4140.585714285715,Ordinary Lane,16,3440 - Decoto/84 NB
3671.84371314872,4318.185714285714,Ordinary Lane,17,3440 - Decoto/84 NB
3942.3694744649592,4351.7,Ordinary Lane,18,3440 - Decoto/84 NB
3647.4996765147216,4381.114285714286,Ordinary Lane,14,3440 - Decoto/84 NB
3580.2726230969506,4174.528571428572,Ordinary Lane,15,3440 - Decoto/84 NB
3656.031821460823,4159.014285714286,Ordinary Lane,16,3440 - Decoto/84 NB
3665.66148705886,4357.885714285714,Ordinary Lane,17,3440 - Decoto/84 NB
3921.048005202383,4346.9857142857145,Ordinary Lane,18,3440 - Decoto/84 NB
3548.271362458742,4390.0428571428565,Ordinary Lane,14,3440 - Decoto/84 NB
3526.6974672377805,4181.914285714286,Ordinary Lane,15,3440 - Decoto/84 NB
3577.3311733431824,4172.328571428571,Ordinary Lane,16,3440 - Decoto/84 NB
3573.3862712601235,4319.742857142857,Ordinary Lane,17,3440 - Decoto/84 NB
3810.2460880600884,4348.757142857143,Ordinary Lane,18,3440 - Decoto/84 NB
3742.3745653961614,4394.4571428571435,Ordinary Lane,14,3440 - Decoto/84 NB
3770.1464341134138,4175.585714285715,Ordinary Lane,15,3440 - Decoto/84 NB
3713.2880019518952,4191.757142857143,Ordinary Lane,16,3440 - Decoto/84 NB
3691.990825330746,4320.557142857144,Ordinary Lane,17,3440 - Decoto/84 NB
3995.1763898799563,4326.9,Ordinary Lane,18,3440 - Decoto/84 NB
3748.0369698117825,4379.4571428571435,Ordinary Lane,14,3440 - Decoto/84 NB
3702.7290110394483,4177.614285714286,Ordinary Lane,15,3440 - Decoto/84 NB
3744.9508247982067,4193.971428571428,Ordinary Lane,16,3440 - Decoto/84 NB
3712.3678860480672,4311.171428571429,Ordinary Lane,17,3440 - Decoto/84 NB
3992.599946705071,4314.771428571429,Ordinary Lane,18,3440 - Decoto/84 NB
3680.874157380742,4388.757142857143,Ordinary Lane,14,3440 - Decoto/84 NB
3653.479105030696,4187.371428571429,Ordinary Lane,15,3440 - Decoto/84 NB
3689.714761688812,4199.671428571428,Ordinary Lane,16,3440 - Decoto/84 NB
3677.467186962794,4313.028571428572,Ordinary Lane,17,3440 - Decoto/84 NB
3942.3694744649592,4286.357142857143,Ordinary Lane,18,3440 - Decoto/84 NB
3647.4996765147216,4407.157142857143,Ordinary Lane,14,3440 - Decoto/84 NB
3580.272623096951,4079.8142857142857,Ordinary Lane,15,3440 - Decoto/84 NB
3656.031821460823,4193.8,Ordinary Lane,16,3440 - Decoto/84 NB
3665.661487058746,4332.9857142857145,Ordinary Lane,17,3440 - Decoto/84 NB
3921.0480052023836,4297.642857142857,Ordinary Lane,18,3440 - Decoto/84 NB
3548.271362458742,4395.842857142857,Ordinary Lane,14,3440 - Decoto/84 NB
3537.2034175812146,4009.528571428572,Ordinary Lane,15,3440 - Decoto/84 NB
3577.3311733431824,4166.242857142857,Ordinary Lane,16,3440 - Decoto/84 NB
3573.3862712601235,4275.342857142858,Ordinary Lane,17,3440 - Decoto/84 NB
3810.2460880600884,4293.928571428572,Ordinary Lane,18,3440 - Decoto/84 NB
3742.3745653961614,4355.785714285714,Ordinary Lane,14,3440 - Decoto/84 NB
3744.023355007476,4021.8142857142857,Ordinary Lane,15,3440 - Decoto/84 NB
3713.2880019518966,4163.328571428572,Ordinary Lane,16,3440 - Decoto/84 NB
3691.9908253307462,4279.957142857143,Ordinary Lane,17,3440 - Decoto/84 NB
3995.176389879957,4294.842857142858,Ordinary Lane,18,3440 - Decoto/84 NB
3748.0369698117825,4351.5428571428565,Ordinary Lane,14,3440 - Decoto/84 NB
3702.729011039449,3999.371428571428,Ordinary Lane,15,3440 - Decoto/84 NB
3744.9508247982067,4103.228571428571,Ordinary Lane,16,3440 - Decoto/84 NB
3712.3678860480672,4268.685714285713,Ordinary Lane,17,3440 - Decoto/84 NB
3992.5999467050724,4287.471428571428,Ordinary Lane,18,3440 - Decoto/84 NB
3680.874157380742,4342.5142857142855,Ordinary Lane,14,3440 - Decoto/84 NB
3605.9798655336067,3985.4857142857145,Ordinary Lane,15,3440 - Decoto/84 NB
3689.7147616888124,4073.7,Ordinary Lane,16,3440 - Decoto/84 NB
3677.467186962794,4221.9571428571435,Ordinary Lane,17,3440 - Decoto/84 NB
3942.3694744649592,4240.714285714286,Ordinary Lane,18,3440 - Decoto/84 NB
3647.499676514721,4355.328571428571,Ordinary Lane,14,3440 - Decoto/84 NB
3573.2208202054835,3975.128571428572,Ordinary Lane,15,3440 - Decoto/84 NB
3663.2613195434005,4043.6428571428564,Ordinary Lane,16,3440 - Decoto/84 NB
3665.6614870587687,4194.285714285715,Ordinary Lane,17,3440 - Decoto/84 NB
3921.0480052023836,4217.6,Ordinary Lane,18,3440 - Decoto/84 NB
3548.271362458742,4359.7,Ordinary Lane,14,3440 - Decoto/84 NB
3526.9195317279878,3988.7571428571428,Ordinary Lane,15,3440 - Decoto/84 NB
3592.8558633075454,4064.2571428571428,Ordinary Lane,16,3440 - Decoto/84 NB
3573.386271260124,4242.9571428571435,Ordinary Lane,17,3440 - Decoto/84 NB
3810.246088060089,4219.914285714286,Ordinary Lane,18,3440 - Decoto/84 NB
3742.3745653961614,4344.571428571428,Ordinary Lane,14,3440 - Decoto/84 NB
3770.6547904902704,3950.8857142857146,Ordinary Lane,15,3440 - Decoto/84 NB
3763.8177842596106,4035.8142857142857,Ordinary Lane,16,3440 - Decoto/84 NB
3691.9908253307462,4225.714285714285,Ordinary Lane,17,3440 - Decoto/84 NB
3995.1763898799572,4243.414285714285,Ordinary Lane,18,3440 - Decoto/84 NB
3748.0369698117825,4351.328571428571,Ordinary Lane,14,3440 - Decoto/84 NB
3893.4127893401287,3944.0714285714284,Ordinary Lane,15,3440 - Decoto/84 NB
3744.950824798207,4055.4,Ordinary Lane,16,3440 - Decoto/84 NB
3712.3678860480677,4258.414285714286,Ordinary Lane,17,3440 - Decoto/84 NB
3992.5999467050715,4260.142857142857,Ordinary Lane,18,3440 - Decoto/84 NB
3680.874157380742,4337.414285714286,Ordinary Lane,14,3440 - Decoto/84 NB
3666.9528550099035,3928.5714285714284,Ordinary Lane,15,3440 - Decoto/84 NB
3689.7147616888124,4049.9142857142856,Ordinary Lane,16,3440 - Decoto/84 NB
3671.728804725477,4268.971428571428,Ordinary Lane,17,3440 - Decoto/84 NB
3942.3694744649597,4297.685714285713,Ordinary Lane,18,3440 - Decoto/84 NB
3647.499676514721,4325.842857142858,Ordinary Lane,14,3440 - Decoto/84 NB
3573.2208202796023,4031.671428571429,Ordinary Lane,15,3440 - Decoto/84 NB
3663.2613196175193,4061.4,Ordinary Lane,16,3440 - Decoto/84 NB
3647.492921366918,4280.471428571429,Ordinary Lane,17,3440 - Decoto/84 NB
3921.048005202384,4309.814285714286,Ordinary Lane,18,3440 - Decoto/84 NB
3548.271362458742,4343.271428571429,Ordinary Lane,14,3440 - Decoto/84 NB
3526.446167707032,4088.4,Ordinary Lane,15,3440 - Decoto/84 NB
3607.042155083459,4063.428571428571,Ordinary Lane,16,3440 - Decoto/84 NB
3586.6636546265854,4292.057142857143,Ordinary Lane,17,3440 - Decoto/84 NB
3810.2460880600893,4272.428571428571,Ordinary Lane,18,3440 - Decoto/84 NB
3742.3745653961614,4343.785714285715,Ordinary Lane,14,3440 - Decoto/84 NB
3770.6547904902704,4064.4285714285716,Ordinary Lane,15,3440 - Decoto/84 NB
3803.560456572838,4052.3142857142857,Ordinary Lane,16,3440 - Decoto/84 NB
3691.9908253307467,4284.542857142857,Ordinary Lane,17,3440 - Decoto/84 NB
3995.1763898799577,4271.0142857142855,Ordinary Lane,18,3440 - Decoto/84 NB
3748.0369698117825,4341.757142857143,Ordinary Lane,14,3440 - Decoto/84 NB
3895.027008889886,4095.4,Ordinary Lane,15,3440 - Decoto/84 NB
3744.950824798207,4104.028571428572,Ordinary Lane,16,3440 - Decoto/84 NB
3712.3678860480677,4288.657142857143,Ordinary Lane,17,3440 - Decoto/84 NB
3992.599946705072,4228.171428571429,Ordinary Lane,18,3440 - Decoto/84 NB
3680.874157380742,4344.7,Ordinary Lane,14,3440 - Decoto/84 NB
3675.073182606234,4120.3,Ordinary Lane,15,3440 - Decoto/84 NB
3689.7147616888124,4134.5,Ordinary Lane,16,3440 - Decoto/84 NB
3677.467186962794,4335.342857142857,Ordinary Lane,17,3440 - Decoto/84 NB
3942.3694744649597,4268.057142857143,Ordinary Lane,18,3440 - Decoto/84 NB
3647.499676514721,4334.571428571428,Ordinary Lane,14,3440 - Decoto/84 NB
3573.2208202796023,4136.228571428571,Ordinary Lane,15,3440 - Decoto/84 NB
3663.2613196175193,4156.628571428571,Ordinary Lane,16,3440 - Decoto/84 NB
3665.66148705877,4360.285714285715,Ordinary Lane,17,3440 - Decoto/84 NB
3921.0480052023845,4285.071428571429,Ordinary Lane,18,3440 - Decoto/84 NB
3548.271362458742,4325.928571428572,Ordinary Lane,14,3440 - Decoto/84 NB
3526.446167707032,4144.471428571429,Ordinary Lane,15,3440 - Decoto/84 NB
3607.042155083459,4156.271428571429,Ordinary Lane,16,3440 - Decoto/84 NB
3587.30671288929,4358.785714285714,Ordinary Lane,17,3440 - Decoto/84 NB
3810.2460880600893,4284.628571428571,Ordinary Lane,18,3440 - Decoto/84 NB
3742.374565396161,4559.46,Ordinary Lane,14,3450 - Whipple NB
3819.3050987106544,4191.5,Ordinary Lane,15,3450 - Whipple NB
3803.5604565728386,4534.84,Ordinary Lane,16,3450 - Whipple NB
3691.990825330747,4499.9,Ordinary Lane,17,3450 - Whipple NB
3995.1763898799577,4176.64,Ordinary Lane,18,3450 - Whipple NB
3748.0369698117825,4570.780000000001,Ordinary Lane,14,3450 - Whipple NB
3895.027008889886,4208.86,Ordinary Lane,15,3450 - Whipple NB
3744.950824798207,4523.34,Ordinary Lane,16,3450 - Whipple NB
3712.3678860480677,4471.14,Ordinary Lane,17,3450 - Whipple NB
3992.5999467050715,4156.58,Ordinary Lane,18,3450 - Whipple NB
3680.8741573807424,4546.1,Ordinary Lane,14,3450 - Whipple NB
3669.563217477861,4087.9399999999996,Ordinary Lane,15,3450 - Whipple NB
3689.7147616888124,4485.860000000001,Ordinary Lane,16,3450 - Whipple NB
3681.709621189056,4506.42,Ordinary Lane,17,3450 - Whipple NB
3942.3694744649597,4226.54,Ordinary Lane,18,3450 - Whipple NB
3647.499676514721,4502.3,Ordinary Lane,14,3450 - Whipple NB
3573.220821045388,4068.7,Ordinary Lane,15,3450 - Whipple NB
3663.2613203661413,4461.24,Ordinary Lane,16,3450 - Whipple NB
3665.661487440231,4496.839999999999,Ordinary Lane,17,3450 - Whipple NB
3921.0480059578226,4286.92,Ordinary Lane,18,3450 - Whipple NB
3548.271362458742,4511.88,Ordinary Lane,14,3450 - Whipple NB
3526.9717568193964,4083.16,Ordinary Lane,15,3450 - Whipple NB
3607.0385109564836,4472.36,Ordinary Lane,16,3450 - Whipple NB
3588.0619803819814,4451.4,Ordinary Lane,17,3450 - Whipple NB
3810.2460880600893,4271.74,Ordinary Lane,18,3450 - Whipple NB
3742.374565396161,4610.2,Ordinary Lane,14,3450 - Whipple NB
3819.3050987106544,4141.88,Ordinary Lane,15,3450 - Whipple NB
3803.56045657284,4480.3,Ordinary Lane,16,3450 - Whipple NB
3691.9908253307485,4260.72,Ordinary Lane,17,3450 - Whipple NB
3995.1763898799577,4266.14,Ordinary Lane,18,3450 - Whipple NB
3748.0369698117825,4582.2,Ordinary Lane,14,3450 - Whipple NB
3786.2454300599293,4139.26,Ordinary Lane,15,3450 - Whipple NB
3744.9508247982076,4424.74,Ordinary Lane,16,3450 - Whipple NB
3712.3678860480677,4243.179999999999,Ordinary Lane,17,3450 - Whipple NB
3992.599946705072,4272.8,Ordinary Lane,18,3450 - Whipple NB
3680.8741573807424,4587.08,Ordinary Lane,14,3450 - Whipple NB
3669.563217477861,4149.04,Ordinary Lane,15,3450 - Whipple NB
3689.7147616888124,4417.34,Ordinary Lane,16,3450 - Whipple NB
3741.545910776268,4274.7,Ordinary Lane,17,3450 - Whipple NB
3942.3694744649597,4280.1,Ordinary Lane,18,3450 - Whipple NB
3647.499676514721,4598.46,Ordinary Lane,14,3450 - Whipple NB
3573.22082102827,4183.42,Ordinary Lane,15,3450 - Whipple NB
3663.2613203662427,4362.4,Ordinary Lane,16,3450 - Whipple NB
3665.6614874402926,4165.96,Ordinary Lane,17,3450 - Whipple NB
3921.048005957822,4326.74,Ordinary Lane,18,3450 - Whipple NB
3548.271362458742,4641.38,Ordinary Lane,14,3450 - Whipple NB
3526.96082443847,4267.3,Ordinary Lane,15,3450 - Whipple NB
3607.042155083459,4467.36,Ordinary Lane,16,3450 - Whipple NB
3590.2164085098993,4231.88,Ordinary Lane,17,3450 - Whipple NB
3810.2460880600893,4411.0599999999995,Ordinary Lane,18,3450 - Whipple NB
3742.374565396162,4670.9400000000005,Ordinary Lane,14,3450 - Whipple NB
3819.305098710654,4301.16,Ordinary Lane,15,3450 - Whipple NB
3854.0902388805553,4495.58,Ordinary Lane,16,3450 - Whipple NB
3691.990825330749,4245.0599999999995,Ordinary Lane,17,3450 - Whipple NB
3995.176389879958,4393.94,Ordinary Lane,18,3450 - Whipple NB
3748.0369698117825,4663.46,Ordinary Lane,14,3450 - Whipple NB
3786.2454300599293,4279.5199999999995,Ordinary Lane,15,3450 - Whipple NB
3744.9508247982076,4496.9400000000005,Ordinary Lane,16,3450 - Whipple NB
3712.3678860480677,4258.0,Ordinary Lane,17,3450 - Whipple NB
3992.5999467050715,4338.34,Ordinary Lane,18,3450 - Whipple NB
3680.8741573807424,4702.5599999999995,Ordinary Lane,14,3450 - Whipple NB
3677.6835450741914,4417.14,Ordinary Lane,15,3450 - Whipple NB
3689.7147616888124,4540.139999999999,Ordinary Lane,16,3450 - Whipple NB
3741.545910776268,4279.06,Ordinary Lane,17,3450 - Whipple NB
3942.3694744649597,4355.4,Ordinary Lane,18,3450 - Whipple NB
3647.499676514721,4763.460000000001,Ordinary Lane,14,3450 - Whipple NB
3580.2726239096773,4426.96,Ordinary Lane,15,3450 - Whipple NB
3670.4908190602946,4548.38,Ordinary Lane,16,3450 - Whipple NB
3665.661487440267,4280.219999999999,Ordinary Lane,17,3450 - Whipple NB
3921.048005957822,4364.74,Ordinary Lane,18,3450 - Whipple NB
3548.271362458742,4745.4400000000005,Ordinary Lane,14,3450 - Whipple NB
3526.96082443847,4430.02,Ordinary Lane,15,3450 - Whipple NB
3609.3463371946755,4485.620000000001,Ordinary Lane,16,3450 - Whipple NB
3626.8617437469416,4232.3,Ordinary Lane,17,3450 - Whipple NB
3810.2460880600893,4369.72,Ordinary Lane,18,3450 - Whipple NB
3742.374565396161,4734.72,Ordinary Lane,14,3450 - Whipple NB
3770.1464341134156,4436.98,Ordinary Lane,15,3450 - Whipple NB
3970.2244082631405,4459.14,Ordinary Lane,16,3450 - Whipple NB
3691.990825330751,4454.84,Ordinary Lane,17,3450 - Whipple NB
3995.1763898799577,4384.68,Ordinary Lane,18,3450 - Whipple NB
3748.0369698117825,4760.3,Ordinary Lane,14,3450 - Whipple NB
3806.6218476072513,4446.24,Ordinary Lane,15,3450 - Whipple NB
3744.9508247982076,4497.719999999999,Ordinary Lane,16,3450 - Whipple NB
3712.367886048068,4400.32,Ordinary Lane,17,3450 - Whipple NB
3992.599946705072,4393.42,Ordinary Lane,18,3450 - Whipple NB
3680.874157380742,4754.780000000001,Ordinary Lane,14,3450 - Whipple NB
3722.5724221033233,4470.32,Ordinary Lane,15,3450 - Whipple NB
3689.714761688813,4509.139999999999,Ordinary Lane,16,3450 - Whipple NB
3796.078030865892,4409.5599999999995,Ordinary Lane,17,3450 - Whipple NB
3942.36947446496,4374.74,Ordinary Lane,18,3450 - Whipple NB
3647.499676514721,4745.74,Ordinary Lane,14,3450 - Whipple NB
3580.272623588939,4512.320000000001,Ordinary Lane,15,3450 - Whipple NB
3688.8485798422425,4606.62,Ordinary Lane,16,3450 - Whipple NB
3665.6614878893333,4545.039999999999,Ordinary Lane,17,3450 - Whipple NB
3921.048005957822,4420.5,Ordinary Lane,18,3450 - Whipple NB
3548.271362458742,4731.9,Ordinary Lane,14,3450 - Whipple NB
3526.000837928838,4520.5599999999995,Ordinary Lane,15,3450 - Whipple NB
3618.1333102148205,4604.7,Ordinary Lane,16,3450 - Whipple NB
3660.0430899978037,4568.24,Ordinary Lane,17,3450 - Whipple NB
3810.2460880600893,4424.620000000001,Ordinary Lane,18,3450 - Whipple NB
3742.3745653961614,4693.02,Ordinary Lane,14,3450 - Whipple NB
3795.9306089681168,4482.7,Ordinary Lane,15,3450 - Whipple NB
4098.523159293143,4567.74,Ordinary Lane,16,3450 - Whipple NB
3755.2302958365576,4557.219999999999,Ordinary Lane,17,3450 - Whipple NB
3995.1763898799577,4427.3,Ordinary Lane,18,3450 - Whipple NB
3748.0369698117825,4619.9400000000005,Ordinary Lane,14,3450 - Whipple NB
3821.8203455218904,4414.14,Ordinary Lane,15,3450 - Whipple NB
3744.9508247982076,4548.5,Ordinary Lane,16,3450 - Whipple NB
3712.367886048068,4546.08,Ordinary Lane,17,3450 - Whipple NB
3992.599946705072,4485.9400000000005,Ordinary Lane,18,3450 - Whipple NB
3680.874157380742,4552.320000000001,Ordinary Lane,14,3450 - Whipple NB
3883.8396867962024,4354.24,Ordinary Lane,15,3450 - Whipple NB
3689.7147616888133,4517.76,Ordinary Lane,16,3450 - Whipple NB
3796.0780308658927,4513.5599999999995,Ordinary Lane,17,3450 - Whipple NB
3942.3694744649606,4469.2,Ordinary Lane,18,3450 - Whipple NB
3647.499676514721,4521.86,Ordinary Lane,14,3450 - Whipple NB
3580.2726247373666,4361.179999999999,Ordinary Lane,15,3450 - Whipple NB
3688.8485805909163,4506.820000000001,Ordinary Lane,16,3450 - Whipple NB
3683.8300538875924,4480.42,Ordinary Lane,17,3450 - Whipple NB
3921.0480074686984,4466.219999999999,Ordinary Lane,18,3450 - Whipple NB
3548.271362458742,4495.82,Ordinary Lane,14,3450 - Whipple NB
3569.0897922632685,4357.98,Ordinary Lane,15,3450 - Whipple NB
3660.6054056231014,4512.76,Ordinary Lane,16,3450 - Whipple NB
3702.2111433562827,4504.04,Ordinary Lane,17,3450 - Whipple NB
3898.6324615509734,4442.6,Ordinary Lane,18,3450 - Whipple NB
3742.374565396161,4477.36,Ordinary Lane,14,3450 - Whipple NB
3795.930608968117,4406.7,Ordinary Lane,15,3450 - Whipple NB
3996.0085831178435,4573.96,Ordinary Lane,16,3450 - Whipple NB
3755.2302958365576,4500.179999999999,Ordinary Lane,17,3450 - Whipple NB
3995.1763898799577,4426.3,Ordinary Lane,18,3450 - Whipple NB
3748.0369698117825,4453.039999999999,Ordinary Lane,14,3450 - Whipple NB
3846.9141505463303,4317.04,Ordinary Lane,15,3450 - Whipple NB
3744.9508247982076,4556.9,Ordinary Lane,16,3450 - Whipple NB
3798.4941621936664,4536.139999999999,Ordinary Lane,17,3450 - Whipple NB
3992.599946705072,4397.18,Ordinary Lane,18,3450 - Whipple NB
3680.874157380742,4409.08,Ordinary Lane,14,3450 - Whipple NB
3885.0270740079386,4279.9,Ordinary Lane,15,3450 - Whipple NB
3689.7147616888124,4510.2,Ordinary Lane,16,3450 - Whipple NB
3796.078030865892,4475.84,Ordinary Lane,17,3450 - Whipple NB
3942.3694744649606,4441.839999999999,Ordinary Lane,18,3450 - Whipple NB
3647.499676514721,4360.0599999999995,Ordinary Lane,14,3450 - Whipple NB
3580.272624752334,4149.8,Ordinary Lane,15,3450 - Whipple NB
3688.848580632607,4416.3,Ordinary Lane,16,3450 - Whipple NB
3732.775203236917,4435.3,Ordinary Lane,17,3450 - Whipple NB
3921.048007677511,4416.360000000001,Ordinary Lane,18,3450 - Whipple NB
3548.271362458742,4325.780000000001,Ordinary Lane,14,3450 - Whipple NB
3615.045687766945,4123.960000000001,Ordinary Lane,15,3450 - Whipple NB
3702.6862469296602,4411.52,Ordinary Lane,16,3450 - Whipple NB
3744.7133377489167,4464.66,Ordinary Lane,17,3450 - Whipple NB
4463.844523591274,4435.44,Ordinary Lane,18,3450 - Whipple NB
3742.3745653961623,4301.679999999999,Ordinary Lane,14,3450 - Whipple NB
3795.9306089681168,4119.4400000000005,Ordinary Lane,15,3450 - Whipple NB
3996.0085831178435,4346.2,Ordinary Lane,16,3450 - Whipple NB
3755.2302958365576,4401.54,Ordinary Lane,17,3450 - Whipple NB
3995.1763898799577,4406.56,Ordinary Lane,18,3450 - Whipple NB
3748.0369698117825,4339.52,Ordinary Lane,14,3450 - Whipple NB
3922.195565619649,4145.14,Ordinary Lane,15,3450 - Whipple NB
3744.9508247982076,4337.22,Ordinary Lane,16,3450 - Whipple NB
3798.494162193667,4394.38,Ordinary Lane,17,3450 - Whipple NB
3992.599946705072,4411.08,Ordinary Lane,18,3450 - Whipple NB
3680.874157380742,4332.78,Ordinary Lane,14,3450 - Whipple NB
3885.0270740079386,4102.7,Ordinary Lane,15,3450 - Whipple NB
3689.714761688813,4257.86,Ordinary Lane,16,3450 - Whipple NB
3899.0925964477638,4375.46,Ordinary Lane,17,3450 - Whipple NB
3942.369474464961,4397.74,Ordinary Lane,18,3450 - Whipple NB
3647.499676514721,4253.1,Ordinary Lane,14,3450 - Whipple NB
3580.2726247336554,4044.6200000000003,Ordinary Lane,15,3450 - Whipple NB
3732.793085534261,4212.280000000001,Ordinary Lane,16,3450 - Whipple NB
3763.551787272413,4357.88,Ordinary Lane,17,3450 - Whipple NB
3921.048007677511,4377.76,Ordinary Lane,18,3450 - Whipple NB
3548.271362458742,4240.9,Ordinary Lane,14,3450 - Whipple NB
3614.9161291828996,4019.2600000000007,Ordinary Lane,15,3450 - Whipple NB
3703.22726758869,4219.72,Ordinary Lane,16,3450 - Whipple NB
3746.606609312628,4400.3,Ordinary Lane,17,3450 - Whipple NB
4482.388939849235,4414.639999999999,Ordinary Lane,18,3450 - Whipple NB
3742.3745653961623,4200.38,Ordinary Lane,14,3450 - Whipple NB
3697.392530624169,3967.6800000000003,Ordinary Lane,15,3450 - Whipple NB
3995.6696788666063,4186.4400000000005,Ordinary Lane,16,3450 - Whipple NB
3755.2302958365576,4414.56,Ordinary Lane,17,3450 - Whipple NB
3995.1763898799577,4461.08,Ordinary Lane,18,3450 - Whipple NB
3748.0369698117825,4145.5,Ordinary Lane,14,3450 - Whipple NB
3922.5346307775526,4017.84,Ordinary Lane,15,3450 - Whipple NB
3744.9508247982076,4146.0599999999995,Ordinary Lane,16,3450 - Whipple NB
3798.494162193667,4407.0,Ordinary Lane,17,3450 - Whipple NB
3992.599946705072,4466.4,Ordinary Lane,18,3450 - Whipple NB
3680.874157380742,4111.34,Ordinary Lane,14,3450 - Whipple NB
3901.2959412543755,3990.0800000000004,Ordinary Lane,15,3450 - Whipple NB
3701.058958040171,4155.34,Ordinary Lane,16,3450 - Whipple NB
4019.0287601114765,4396.82,Ordinary Lane,17,3450 - Whipple NB
3942.369474464961,4440.820000000001,Ordinary Lane,18,3450 - Whipple NB
3647.499676514721,4080.84,Ordinary Lane,14,3450 - Whipple NB
3780.5281295374066,4000.2599999999998,Ordinary Lane,15,3450 - Whipple NB
3843.7184649809574,4145.9400000000005,Ordinary Lane,16,3450 - Whipple NB
3829.5392793888195,4365.48,Ordinary Lane,17,3450 - Whipple NB
3921.048008432949,4458.139999999999,Ordinary Lane,18,3450 - Whipple NB
3548.271362458742,4031.44,Ordinary Lane,14,3450 - Whipple NB
3615.0456877669444,3974.9200000000005,Ordinary Lane,15,3450 - Whipple NB
3703.3116680100024,4099.08,Ordinary Lane,16,3450 - Whipple NB
4242.570296697399,4319.46,Ordinary Lane,17,3450 - Whipple NB
4610.871776864069,4443.18,Ordinary Lane,18,3450 - Whipple NB
3742.3745653961623,4103.4400000000005,Ordinary Lane,14,3450 - Whipple NB
3697.392530624169,3951.1,Ordinary Lane,15,3450 - Whipple NB
3969.8855040119033,4097.12,Ordinary Lane,16,3450 - Whipple NB
3755.230295836559,4424.68,Ordinary Lane,17,3450 - Whipple NB
3995.1763898799577,4493.32,Ordinary Lane,18,3450 - Whipple NB
3748.0369698117825,4112.379999999999,Ordinary Lane,14,3450 - Whipple NB
3822.2441769692696,3950.8599999999997,Ordinary Lane,15,3450 - Whipple NB
3744.950824798208,4082.16,Ordinary Lane,16,3450 - Whipple NB
3884.620438339265,4418.88,Ordinary Lane,17,3450 - Whipple NB
3992.599946705072,4520.42,Ordinary Lane,18,3450 - Whipple NB
3680.874157380742,4117.9400000000005,Ordinary Lane,14,3450 - Whipple NB
3914.4094869369337,3966.7400000000002,Ordinary Lane,15,3450 - Whipple NB
3723.5393220674127,4123.66,Ordinary Lane,16,3450 - Whipple NB
4073.2648263698316,4374.76,Ordinary Lane,17,3450 - Whipple NB
3946.7736490965467,4541.9800000000005,Ordinary Lane,18,3450 - Whipple NB
3647.499676514721,4161.96,Ordinary Lane,14,3450 - Whipple NB
3780.1112194636044,3974.04,Ordinary Lane,15,3450 - Whipple NB
4120.7803526087755,4115.9,Ordinary Lane,16,3450 - Whipple NB
4020.8149854438248,4367.4,Ordinary Lane,17,3450 - Whipple NB
3921.0480086427115,4566.960000000001,Ordinary Lane,18,3450 - Whipple NB
3548.271362458742,4171.74,Ordinary Lane,14,3450 - Whipple NB
3615.0456877669444,3951.5399999999995,Ordinary Lane,15,3450 - Whipple NB
3703.3116680100024,4108.96,Ordinary Lane,16,3450 - Whipple NB
4318.360277997045,4360.68,Ordinary Lane,17,3450 - Whipple NB
4630.9158724764475,4569.12,Ordinary Lane,18,3450 - Whipple NB
3742.3745653961623,4255.74,Ordinary Lane,14,3450 - Whipple NB
3697.392530624169,3961.84,Ordinary Lane,15,3450 - Whipple NB
3969.885504011904,4127.0599999999995,Ordinary Lane,16,3450 - Whipple NB
3691.990825330751,4375.879999999999,Ordinary Lane,17,3450 - Whipple NB
3995.176389879958,4579.9800000000005,Ordinary Lane,18,3450 - Whipple NB
3748.036969811783,4315.0599999999995,Ordinary Lane,14,3450 - Whipple NB
3823.007073574554,3964.4,Ordinary Lane,15,3450 - Whipple NB
3744.9508247982076,4140.34,Ordinary Lane,16,3450 - Whipple NB
3884.620438339265,4369.24,Ordinary Lane,17,3450 - Whipple NB
3992.599946705072,4621.2,Ordinary Lane,18,3450 - Whipple NB
3680.8741573807424,4337.179999999999,Ordinary Lane,14,3450 - Whipple NB
3906.960057078986,3981.7,Ordinary Lane,15,3450 - Whipple NB
3701.058958040171,4147.219999999999,Ordinary Lane,16,3450 - Whipple NB
4073.0924637349663,4413.620000000001,Ordinary Lane,17,3450 - Whipple NB
3942.3694744649615,4639.0199999999995,Ordinary Lane,18,3450 - Whipple NB
3647.499676514721,4399.5599999999995,Ordinary Lane,14,3450 - Whipple NB
3780.050761581894,4032.9199999999996,Ordinary Lane,15,3450 - Whipple NB
3799.93308272966,4212.42,Ordinary Lane,16,3450 - Whipple NB
4020.8149853723826,4399.08,Ordinary Lane,17,3450 - Whipple NB
3921.048008432949,4627.32,Ordinary Lane,18,3450 - Whipple NB
3548.271362458742,4418.139999999999,Ordinary Lane,14,3450 - Whipple NB
3615.0456877669444,4029.5,Ordinary Lane,15,3450 - Whipple NB
3703.311668010002,4223.1,Ordinary Lane,16,3450 - Whipple NB
4318.360277997045,4413.76,Ordinary Lane,17,3450 - Whipple NB
4630.915872476448,4624.0599999999995,Ordinary Lane,18,3450 - Whipple NB
3742.3745653961623,4418.02,Ordinary Lane,14,3450 - Whipple NB
3697.392530624169,4096.76,Ordinary Lane,15,3450 - Whipple NB
3969.885504011904,4351.16,Ordinary Lane,16,3450 - Whipple NB
3691.990825330751,4410.64,Ordinary Lane,17,3450 - Whipple NB
3995.1763898799577,4629.92,Ordinary Lane,18,3450 - Whipple NB
3748.0369698117825,4421.320000000001,Ordinary Lane,14,3450 - Whipple NB
3822.2441769692696,4117.6,Ordinary Lane,15,3450 - Whipple NB
3744.9508247982076,4368.72,Ordinary Lane,16,3450 - Whipple NB
3884.620438339265,4430.48,Ordinary Lane,17,3450 - Whipple NB
3992.599946705072,4640.7,Ordinary Lane,18,3450 - Whipple NB
3680.8741573807424,4415.16,Ordinary Lane,14,3450 - Whipple NB
3906.9600570789867,4121.879999999999,Ordinary Lane,15,3450 - Whipple NB
3701.058958040171,4405.6,Ordinary Lane,16,3450 - Whipple NB
4073.2648263698316,4487.54,Ordinary Lane,17,3450 - Whipple NB
3946.7736490965467,4657.94,Ordinary Lane,18,3450 - Whipple NB
3647.499676514721,4426.84,Ordinary Lane,14,3450 - Whipple NB
3768.05187097453,4145.82,Ordinary Lane,15,3450 - Whipple NB
3781.5148650265182,4457.24,Ordinary Lane,16,3450 - Whipple NB
4020.814985443825,4537.92,Ordinary Lane,17,3450 - Whipple NB
3921.048008642713,4644.46,Ordinary Lane,18,3450 - Whipple NB
3548.271362458742,4404.820000000001,Ordinary Lane,14,3450 - Whipple NB
3615.0456877669444,4158.780000000001,Ordinary Lane,15,3450 - Whipple NB
3703.311668010002,4460.26,Ordinary Lane,16,3450 - Whipple NB
4318.360277997045,4524.42,Ordinary Lane,17,3450 - Whipple NB
4630.9158724764475,4654.76,Ordinary Lane,18,3450 - Whipple NB
3742.3745653961623,4391.179999999999,Ordinary Lane,14,3450 - Whipple NB
3697.392530624169,4154.84,Ordinary Lane,15,3450 - Whipple NB
4080.994805138771,4460.54,Ordinary Lane,16,3450 - Whipple NB
3691.990825330751,4521.620000000001,Ordinary Lane,17,3450 - Whipple NB
3995.1763898799577,4628.48,Ordinary Lane,18,3450 - Whipple NB
3748.0369698117825,4369.379999999999,Ordinary Lane,14,3450 - Whipple NB
3822.2441769692696,4161.34,Ordinary Lane,15,3450 - Whipple NB
3744.9508247982076,4434.4400000000005,Ordinary Lane,16,3450 - Whipple NB
3884.620438339265,4522.360000000001,Ordinary Lane,17,3450 - Whipple NB
3992.599946705072,4606.0199999999995,Ordinary Lane,18,3450 - Whipple NB
3680.8741573807424,4378.36,Ordinary Lane,14,3450 - Whipple NB
3910.296710208398,4136.42,Ordinary Lane,15,3450 - Whipple NB
3712.2991400537917,4421.5,Ordinary Lane,16,3450 - Whipple NB
4073.092463734967,4499.9,Ordinary Lane,17,3450 - Whipple NB
3942.369474464962,4572.9400000000005,Ordinary Lane,18,3450 - Whipple NB
3647.499676514721,4368.68,Ordinary Lane,14,3450 - Whipple NB
3768.7229727236745,4019.7,Ordinary Lane,15,3450 - Whipple NB
3845.242115097776,4410.64,Ordinary Lane,16,3450 - Whipple NB
4023.712038151951,4536.34,Ordinary Lane,17,3450 - Whipple NB
3977.923612685119,4577.5,Ordinary Lane,18,3450 - Whipple NB
3548.271362458742,4376.52,Ordinary Lane,14,3450 - Whipple NB
3615.0456877669444,4000.6,Ordinary Lane,15,3450 - Whipple NB
3703.311668010002,4405.379999999999,Ordinary Lane,16,3450 - Whipple NB
4322.540416811793,4443.26,Ordinary Lane,17,3450 - Whipple NB
4643.634750822818,4582.5,Ordinary Lane,18,3450 - Whipple NB
3742.3745653961623,4331.9,Ordinary Lane,14,3450 - Whipple NB
3697.392530624169,4008.28,Ordinary Lane,15,3450 - Whipple NB
4080.994805138771,4365.320000000001,Ordinary Lane,16,3450 - Whipple NB
3755.2302958365576,4431.9,Ordinary Lane,17,3450 - Whipple NB
3995.1763898799577,4568.26,Ordinary Lane,18,3450 - Whipple NB
3748.0369698117825,4299.8,Ordinary Lane,14,3450 - Whipple NB
3739.490654554071,3928.6800000000003,Ordinary Lane,15,3450 - Whipple NB
3744.9508247982076,4306.62,Ordinary Lane,16,3450 - Whipple NB
3884.620438339265,4399.42,Ordinary Lane,17,3450 - Whipple NB
3992.599946705072,4551.86,Ordinary Lane,18,3450 - Whipple NB
3680.8741573807424,4326.56,Ordinary Lane,14,3450 - Whipple NB
3761.226937448719,3928.8200000000006,Ordinary Lane,15,3450 - Whipple NB
3712.2991400537917,4266.12,Ordinary Lane,16,3450 - Whipple NB
4073.0924637349663,4308.12,Ordinary Lane,17,3450 - Whipple NB
3942.3694744649615,4487.26,Ordinary Lane,18,3450 - Whipple NB
3647.499676514721,4291.8,Ordinary Lane,14,3450 - Whipple NB
3750.814204140319,3899.0200000000004,Ordinary Lane,15,3450 - Whipple NB
3782.879392424406,4197.76,Ordinary Lane,16,3450 - Whipple NB
3880.255258593268,4286.9,Ordinary Lane,17,3450 - Whipple NB
3944.838842726102,4478.08,Ordinary Lane,18,3450 - Whipple NB
3548.271362458742,4312.3,Ordinary Lane,14,3450 - Whipple NB
3608.946540852517,3887.1400000000003,Ordinary Lane,15,3450 - Whipple NB
3699.3384031505834,4202.4,Ordinary Lane,16,3450 - Whipple NB
4311.739654889322,4323.4400000000005,Ordinary Lane,17,3450 - Whipple NB
4627.285712104654,4468.04,Ordinary Lane,18,3450 - Whipple NB
3742.374565396163,4286.22,Ordinary Lane,14,3450 - Whipple NB
3697.392530624169,3863.3199999999997,Ordinary Lane,15,3450 - Whipple NB
3969.8855040119033,4176.42,Ordinary Lane,16,3450 - Whipple NB
3755.2302958365576,4285.539999999999,Ordinary Lane,17,3450 - Whipple NB
3995.1763898799577,4488.9,Ordinary Lane,18,3450 - Whipple NB
3748.0369698117825,4286.120000000001,Ordinary Lane,14,3450 - Whipple NB
3922.5346307775517,3853.9,Ordinary Lane,15,3450 - Whipple NB
3744.9508247982076,4192.84,Ordinary Lane,16,3450 - Whipple NB
3968.335616505523,4309.88,Ordinary Lane,17,3450 - Whipple NB
3992.599946705072,4500.179999999999,Ordinary Lane,18,3450 - Whipple NB
3680.8741573807424,4280.9800000000005,Ordinary Lane,14,3450 - Whipple NB
3744.3666644282875,3875.7799999999997,Ordinary Lane,15,3450 - Whipple NB
3701.058958040171,4199.54,Ordinary Lane,16,3450 - Whipple NB
4073.0924637349663,4344.24,Ordinary Lane,17,3450 - Whipple NB
3942.369474464961,4544.12,Ordinary Lane,18,3450 - Whipple NB
3647.499676514721,4277.879999999999,Ordinary Lane,14,3450 - Whipple NB
3738.265127517023,3998.6,Ordinary Lane,15,3450 - Whipple NB
3781.5148650265182,4215.46,Ordinary Lane,16,3450 - Whipple NB
4020.814985443829,4365.28,Ordinary Lane,17,3450 - Whipple NB
3921.048008642713,4556.5199999999995,Ordinary Lane,18,3450 - Whipple NB
3548.271362458742,4306.84,Ordinary Lane,14,3450 - Whipple NB
3615.0456877669444,4025.9600000000005,Ordinary Lane,15,3450 - Whipple NB
3703.3116680100024,4211.4,Ordinary Lane,16,3450 - Whipple NB
4315.369815261116,4429.219999999999,Ordinary Lane,17,3450 - Whipple NB
4630.915872476448,4528.66,Ordinary Lane,18,3450 - Whipple NB
3742.374565396161,4359.2,Ordinary Lane,14,3450 - Whipple NB
3697.392530624169,4026.6400000000003,Ordinary Lane,15,3450 - Whipple NB
3969.885504011904,4212.8,Ordinary Lane,16,3450 - Whipple NB
3818.469766342368,4430.96,Ordinary Lane,17,3450 - Whipple NB
3995.1763898799577,4524.92,Ordinary Lane,18,3450 - Whipple NB
3748.0369698117825,4368.3,Ordinary Lane,14,3450 - Whipple NB
3922.195565619649,4098.46,Ordinary Lane,15,3450 - Whipple NB
3744.9508247982076,4262.34,Ordinary Lane,16,3450 - Whipple NB
3968.3356165055234,4409.46,Ordinary Lane,17,3450 - Whipple NB
3992.5999467050715,4455.82,Ordinary Lane,18,3450 - Whipple NB
3680.8741573807424,4356.7,Ordinary Lane,14,3450 - Whipple NB
3738.7467186665544,4124.8,Ordinary Lane,15,3450 - Whipple NB
3689.714761688813,4305.3,Ordinary Lane,16,3450 - Whipple NB
4119.813206258843,4500.4,Ordinary Lane,17,3450 - Whipple NB
3942.3694744649606,4504.4400000000005,Ordinary Lane,18,3450 - Whipple NB
3647.499676514721,4377.8,Ordinary Lane,14,3450 - Whipple NB
3737.9468818056034,4138.839999999999,Ordinary Lane,15,3450 - Whipple NB
3688.909038467301,4344.16,Ordinary Lane,16,3450 - Whipple NB
3877.358205435991,4481.4,Ordinary Lane,17,3450 - Whipple NB
3921.048007468699,4520.2,Ordinary Lane,18,3450 - Whipple NB
3548.271362458742,4384.339999999999,Ordinary Lane,14,3450 - Whipple NB
3603.5634377527645,4144.32,Ordinary Lane,15,3450 - Whipple NB
3675.3612474212096,4337.26,Ordinary Lane,16,3450 - Whipple NB
4184.10575124729,4477.039999999999,Ordinary Lane,17,3450 - Whipple NB
4415.101683431979,4522.1,Ordinary Lane,18,3450 - Whipple NB
3742.3745653961614,3768.3590909090913,Ordinary Lane,14,3460 - Hesperian/238 NB
3713.852335206405,3902.622727272728,Ordinary Lane,15,3460 - Hesperian/238 NB
4080.994805138771,4067.8909090909087,Ordinary Lane,16,3460 - Hesperian/238 NB
3818.469766342368,3954.772727272728,Ordinary Lane,17,3460 - Hesperian/238 NB
3995.1763898799577,3737.75,Ordinary Lane,18,3460 - Hesperian/238 NB
3748.0369698117825,3803.3727272727274,Ordinary Lane,14,3460 - Hesperian/238 NB
3922.195565619649,3912.372727272728,Ordinary Lane,15,3460 - Hesperian/238 NB
3744.9508247982076,4051.372727272728,Ordinary Lane,16,3460 - Hesperian/238 NB
4136.86894221284,3950.286363636364,Ordinary Lane,17,3460 - Hesperian/238 NB
3992.5999467050715,3724.909090909091,Ordinary Lane,18,3460 - Hesperian/238 NB
3680.8741573807424,3770.6318181818183,Ordinary Lane,14,3460 - Hesperian/238 NB
3875.58666175291,3898.5545454545454,Ordinary Lane,15,3460 - Hesperian/238 NB
3689.7147616888124,4052.7772727272727,Ordinary Lane,16,3460 - Hesperian/238 NB
4073.144470903835,3951.6227272727274,Ordinary Lane,17,3460 - Hesperian/238 NB
3942.36947446496,3734.2590909090914,Ordinary Lane,18,3460 - Hesperian/238 NB
3647.499676514721,3762.6045454545447,Ordinary Lane,14,3460 - Hesperian/238 NB
3714.009557670476,3906.613636363637,Ordinary Lane,15,3460 - Hesperian/238 NB
3670.4908195572248,4040.4954545454543,Ordinary Lane,16,3460 - Hesperian/238 NB
3829.539278184662,3967.809090909091,Ordinary Lane,17,3460 - Hesperian/238 NB
3921.048005957822,3782.481818181818,Ordinary Lane,18,3460 - Hesperian/238 NB
3548.271362458742,3755.8045454545454,Ordinary Lane,14,3460 - Hesperian/238 NB
3536.31488345202,3919.822727272727,Ordinary Lane,15,3460 - Hesperian/238 NB
3617.3192494574364,4052.2409090909086,Ordinary Lane,16,3460 - Hesperian/238 NB
4121.984862714418,3956.6272727272735,Ordinary Lane,17,3460 - Hesperian/238 NB
3825.2580361155196,3784.977272727273,Ordinary Lane,18,3460 - Hesperian/238 NB
3742.3745653961623,3762.236363636364,Ordinary Lane,14,3460 - Hesperian/238 NB
3680.9327260419345,3933.172727272727,Ordinary Lane,15,3460 - Hesperian/238 NB
4063.8053552356378,4052.1045454545456,Ordinary Lane,16,3460 - Hesperian/238 NB
3818.46976634237,3928.0954545454542,Ordinary Lane,17,3460 - Hesperian/238 NB
3995.1763898799577,3781.2772727272736,Ordinary Lane,18,3460 - Hesperian/238 NB
3748.0369698117825,3753.9727272727278,Ordinary Lane,14,3460 - Hesperian/238 NB
3736.689706951654,3911.0954545454542,Ordinary Lane,15,3460 - Hesperian/238 NB
3744.9508247982085,4031.9727272727278,Ordinary Lane,16,3460 - Hesperian/238 NB
3968.335616505525,3921.522727272727,Ordinary Lane,17,3460 - Hesperian/238 NB
3992.5999467050715,3777.3181818181824,Ordinary Lane,18,3460 - Hesperian/238 NB
3680.8741573807424,3751.522727272727,Ordinary Lane,14,3460 - Hesperian/238 NB
3865.9198950782015,3919.290909090909,Ordinary Lane,15,3460 - Hesperian/238 NB
3689.7147616888124,4023.8,Ordinary Lane,16,3460 - Hesperian/238 NB
4065.7495026353527,3935.6409090909096,Ordinary Lane,17,3460 - Hesperian/238 NB
3942.3694744649597,3780.4954545454543,Ordinary Lane,18,3460 - Hesperian/238 NB
3647.499676514721,3777.9409090909094,Ordinary Lane,14,3460 - Hesperian/238 NB
3731.8578683722353,3928.15,Ordinary Lane,15,3460 - Hesperian/238 NB
3670.490819555713,4036.7409090909096,Ordinary Lane,16,3460 - Hesperian/238 NB
3829.1066087986824,3933.2,Ordinary Lane,17,3460 - Hesperian/238 NB
3921.048005957822,3811.5090909090904,Ordinary Lane,18,3460 - Hesperian/238 NB
3548.271362458742,3792.827272727273,Ordinary Lane,14,3460 - Hesperian/238 NB
3526.241942764608,3981.586363636364,Ordinary Lane,15,3460 - Hesperian/238 NB
3606.2569861149495,4088.186363636364,Ordinary Lane,16,3460 - Hesperian/238 NB
4086.8209099090564,3965.6590909090905,Ordinary Lane,17,3460 - Hesperian/238 NB
3810.2460880600897,3850.522727272727,Ordinary Lane,18,3460 - Hesperian/238 NB
3742.3745653961623,3796.4681818181816,Ordinary Lane,14,3460 - Hesperian/238 NB
3730.091390639178,4007.5681818181815,Ordinary Lane,15,3460 - Hesperian/238 NB
4064.144259486874,4090.4136363636367,Ordinary Lane,16,3460 - Hesperian/238 NB
3818.469766342368,3961.9090909090905,Ordinary Lane,17,3460 - Hesperian/238 NB
3995.1763898799577,3844.7181818181825,Ordinary Lane,18,3460 - Hesperian/238 NB
3748.0369698117825,3755.345454545455,Ordinary Lane,14,3460 - Hesperian/238 NB
3736.689706951652,3987.6272727272726,Ordinary Lane,15,3460 - Hesperian/238 NB
3744.950824798207,4089.5090909090914,Ordinary Lane,16,3460 - Hesperian/238 NB
4055.3597027961837,3969.2,Ordinary Lane,17,3460 - Hesperian/238 NB
3992.5999467050715,3830.513636363636,Ordinary Lane,18,3460 - Hesperian/238 NB
3680.8741573807424,3789.786363636364,Ordinary Lane,14,3460 - Hesperian/238 NB
3738.746718666554,4009.1636363636367,Ordinary Lane,15,3460 - Hesperian/238 NB
3689.714761688812,4089.7454545454543,Ordinary Lane,16,3460 - Hesperian/238 NB
4015.192508556308,3983.436363636364,Ordinary Lane,17,3460 - Hesperian/238 NB
3942.3694744649592,3835.6681818181814,Ordinary Lane,18,3460 - Hesperian/238 NB
3647.499676514721,3803.136363636364,Ordinary Lane,14,3460 - Hesperian/238 NB
3755.7347335060576,4013.5545454545454,Ordinary Lane,15,3460 - Hesperian/238 NB
3670.490819177994,4089.2454545454543,Ordinary Lane,16,3460 - Hesperian/238 NB
3763.119116682248,3981.677272727273,Ordinary Lane,17,3460 - Hesperian/238 NB
3921.0480052023836,3845.7909090909097,Ordinary Lane,18,3460 - Hesperian/238 NB
3548.271362458742,3810.1681818181814,Ordinary Lane,14,3460 - Hesperian/238 NB
3526.446167707032,4019.250000000001,Ordinary Lane,15,3460 - Hesperian/238 NB
3607.3112840871495,4027.2454545454543,Ordinary Lane,16,3460 - Hesperian/238 NB
4076.649710325045,3903.2181818181825,Ordinary Lane,17,3460 - Hesperian/238 NB
3810.2460880600897,3841.8454545454542,Ordinary Lane,18,3460 - Hesperian/238 NB
3742.3745653961623,3820.9954545454543,Ordinary Lane,14,3460 - Hesperian/238 NB
3730.0913906391775,3975.845454545455,Ordinary Lane,15,3460 - Hesperian/238 NB
4064.144259486873,4019.409090909091,Ordinary Lane,16,3460 - Hesperian/238 NB
3818.4697663423694,3943.1863636363632,Ordinary Lane,17,3460 - Hesperian/238 NB
3995.1763898799572,3848.177272727273,Ordinary Lane,18,3460 - Hesperian/238 NB
3748.0369698117825,3837.1227272727274,Ordinary Lane,14,3460 - Hesperian/238 NB
3723.105428586771,4000.7681818181823,Ordinary Lane,15,3460 - Hesperian/238 NB
3744.950824798207,4013.059090909091,Ordinary Lane,16,3460 - Hesperian/238 NB
4136.86894221284,3938.1909090909094,Ordinary Lane,17,3460 - Hesperian/238 NB
3992.5999467050715,3856.8545454545456,Ordinary Lane,18,3460 - Hesperian/238 NB
3680.8741573807424,3836.886363636364,Ordinary Lane,14,3460 - Hesperian/238 NB
3875.58666175291,4007.845454545455,Ordinary Lane,15,3460 - Hesperian/238 NB
3689.714761688812,4011.0454545454545,Ordinary Lane,16,3460 - Hesperian/238 NB
4019.080767280345,3936.4045454545458,Ordinary Lane,17,3460 - Hesperian/238 NB
3942.3694744649592,3836.500000000001,Ordinary Lane,18,3460 - Hesperian/238 NB
3647.499676514721,3833.727272727273,Ordinary Lane,14,3460 - Hesperian/238 NB
3702.0711244970134,3999.4409090909094,Ordinary Lane,15,3460 - Hesperian/238 NB
3670.4908182643676,4003.2181818181816,Ordinary Lane,16,3460 - Hesperian/238 NB
3763.1191166824005,3951.872727272728,Ordinary Lane,17,3460 - Hesperian/238 NB
3921.0480052023836,3821.045454545455,Ordinary Lane,18,3460 - Hesperian/238 NB
3548.271362458742,3839.0090909090914,Ordinary Lane,14,3460 - Hesperian/238 NB
3526.3950289101826,3997.672727272728,Ordinary Lane,15,3460 - Hesperian/238 NB
3605.99965774923,4014.9318181818176,Ordinary Lane,16,3460 - Hesperian/238 NB
4068.312979584738,3963.1909090909094,Ordinary Lane,17,3460 - Hesperian/238 NB
3810.2460880600893,3830.2636363636366,Ordinary Lane,18,3460 - Hesperian/238 NB
3742.3745653961623,3833.1636363636367,Ordinary Lane,14,3460 - Hesperian/238 NB
3763.0109998036473,3987.695454545455,Ordinary Lane,15,3460 - Hesperian/238 NB
4081.3337093900072,4005.2636363636366,Ordinary Lane,16,3460 - Hesperian/238 NB
3818.4697663423694,3956.6045454545456,Ordinary Lane,17,3460 - Hesperian/238 NB
3995.176389879957,3830.513636363636,Ordinary Lane,18,3460 - Hesperian/238 NB
3748.0369698117825,3829.6090909090913,Ordinary Lane,14,3460 - Hesperian/238 NB
3831.7156526316903,3985.7,Ordinary Lane,15,3460 - Hesperian/238 NB
3744.950824798207,4003.2181818181825,Ordinary Lane,16,3460 - Hesperian/238 NB
4136.86894221284,3956.0,Ordinary Lane,17,3460 - Hesperian/238 NB
3992.5999467050715,3866.100000000001,Ordinary Lane,18,3460 - Hesperian/238 NB
3680.8741573807424,3812.927272727273,Ordinary Lane,14,3460 - Hesperian/238 NB
3875.58666175291,3968.1545454545458,Ordinary Lane,15,3460 - Hesperian/238 NB
3689.714761688812,3985.113636363637,Ordinary Lane,16,3460 - Hesperian/238 NB
4073.1444709038346,3932.8954545454544,Ordinary Lane,17,3460 - Hesperian/238 NB
3942.3694744649592,3853.6318181818183,Ordinary Lane,18,3460 - Hesperian/238 NB
3647.499676514721,3789.336363636364,Ordinary Lane,14,3460 - Hesperian/238 NB
3731.857867994516,3943.9772727272734,Ordinary Lane,15,3460 - Hesperian/238 NB
3670.4908191745862,3961.2363636363634,Ordinary Lane,16,3460 - Hesperian/238 NB
3781.2876819250687,3898.15,Ordinary Lane,17,3460 - Hesperian/238 NB
3921.0480052023836,3834.2772727272727,Ordinary Lane,18,3460 - Hesperian/238 NB
3548.271362458742,3758.022727272728,Ordinary Lane,14,3460 - Hesperian/238 NB
3526.4461677070326,3907.0272727272736,Ordinary Lane,15,3460 - Hesperian/238 NB
3607.3860412176105,3971.586363636364,Ordinary Lane,16,3460 - Hesperian/238 NB
4075.6498051871076,3943.863636363637,Ordinary Lane,17,3460 - Hesperian/238 NB
3810.2460880600893,3813.372727272728,Ordinary Lane,18,3460 - Hesperian/238 NB
3742.3745653961623,3767.000000000001,Ordinary Lane,14,3460 - Hesperian/238 NB
3812.169664400886,3963.695454545455,Ordinary Lane,15,3460 - Hesperian/238 NB
4081.672613641245,3996.481818181818,Ordinary Lane,16,3460 - Hesperian/238 NB
3818.4697663423676,3946.5863636363633,Ordinary Lane,17,3460 - Hesperian/238 NB
3995.176389879957,3807.536363636364,Ordinary Lane,18,3460 - Hesperian/238 NB
3748.0369698117825,3747.7818181818184,Ordinary Lane,14,3460 - Hesperian/238 NB
3831.7156526316912,3952.5272727272736,Ordinary Lane,15,3460 - Hesperian/238 NB
3744.9508247982076,3996.263636363636,Ordinary Lane,16,3460 - Hesperian/238 NB
4055.3597027961837,3960.9363636363632,Ordinary Lane,17,3460 - Hesperian/238 NB
3992.5999467050715,3796.4181818181814,Ordinary Lane,18,3460 - Hesperian/238 NB
3680.8741573807424,3738.3045454545454,Ordinary Lane,14,3460 - Hesperian/238 NB
3689.4842413789656,3937.1409090909096,Ordinary Lane,15,3460 - Hesperian/238 NB
3689.7147616888124,3989.022727272728,Ordinary Lane,16,3460 - Hesperian/238 NB
4015.192508556308,3956.8772727272726,Ordinary Lane,17,3460 - Hesperian/238 NB
3942.3694744649597,3806.059090909091,Ordinary Lane,18,3460 - Hesperian/238 NB
3647.499676514721,3727.7681818181823,Ordinary Lane,14,3460 - Hesperian/238 NB
3755.7347335060576,3858.095454545455,Ordinary Lane,15,3460 - Hesperian/238 NB
3670.4908191745862,3972.2227272727273,Ordinary Lane,16,3460 - Hesperian/238 NB
3763.119116682248,3941.386363636364,Ordinary Lane,17,3460 - Hesperian/238 NB
3921.048005202383,3828.922727272727,Ordinary Lane,18,3460 - Hesperian/238 NB
3548.271362458742,3714.15,Ordinary Lane,14,3460 - Hesperian/238 NB
3526.4461677070326,3849.022727272727,Ordinary Lane,15,3460 - Hesperian/238 NB
3607.6103126089934,3971.454545454545,Ordinary Lane,16,3460 - Hesperian/238 NB
4075.201262404342,3954.518181818182,Ordinary Lane,17,3460 - Hesperian/238 NB
3810.2460880600897,3836.1545454545458,Ordinary Lane,18,3460 - Hesperian/238 NB
3742.374565396163,3714.0545454545454,Ordinary Lane,14,3460 - Hesperian/238 NB
3763.010999803648,3848.6636363636367,Ordinary Lane,15,3460 - Hesperian/238 NB
3970.22440826314,3975.0590909090906,Ordinary Lane,16,3460 - Hesperian/238 NB
3818.469766342365,3963.4954545454543,Ordinary Lane,17,3460 - Hesperian/238 NB
3995.176389879957,3789.3136363636368,Ordinary Lane,18,3460 - Hesperian/238 NB
3748.0369698117825,3714.477272727273,Ordinary Lane,14,3460 - Hesperian/238 NB
3908.6112872547674,3852.863636363636,Ordinary Lane,15,3460 - Hesperian/238 NB
3744.9508247982076,3977.85,Ordinary Lane,16,3460 - Hesperian/238 NB
3968.3356165055234,3953.4909090909086,Ordinary Lane,17,3460 - Hesperian/238 NB
3992.5999467050715,3776.572727272727,Ordinary Lane,18,3460 - Hesperian/238 NB
3680.8741573807424,3708.686363636364,Ordinary Lane,14,3460 - Hesperian/238 NB
3689.4842413789656,3846.9727272727278,Ordinary Lane,15,3460 - Hesperian/238 NB
3689.7147616888124,3944.5454545454545,Ordinary Lane,16,3460 - Hesperian/238 NB
4069.2562121797982,3944.2590909090914,Ordinary Lane,17,3460 - Hesperian/238 NB
3942.3694744649597,3777.363636363637,Ordinary Lane,18,3460 - Hesperian/238 NB
3647.499676514721,3708.822727272728,Ordinary Lane,14,3460 - Hesperian/238 NB
3731.857867994516,3854.422727272727,Ordinary Lane,15,3460 - Hesperian/238 NB
3670.490819177994,3959.4727272727278,Ordinary Lane,16,3460 - Hesperian/238 NB
3760.9557697521145,3971.1818181818185,Ordinary Lane,17,3460 - Hesperian/238 NB
3921.048005202383,3801.409090909091,Ordinary Lane,18,3460 - Hesperian/238 NB
3548.271362458742,3737.386363636363,Ordinary Lane,14,3460 - Hesperian/238 NB
3526.3069180817333,3879.663636363636,Ordinary Lane,15,3460 - Hesperian/238 NB
3607.7598268699153,3989.713636363637,Ordinary Lane,16,3460 - Hesperian/238 NB
4058.8779476003174,4010.5272727272727,Ordinary Lane,17,3460 - Hesperian/238 NB
3810.2460880600893,3828.65,Ordinary Lane,18,3460 - Hesperian/238 NB
3742.3745653961623,3702.9590909090903,Ordinary Lane,14,3460 - Hesperian/238 NB
3763.0109998036473,3827.413636363636,Ordinary Lane,15,3460 - Hesperian/238 NB
3970.22440826314,3965.736363636364,Ordinary Lane,16,3460 - Hesperian/238 NB
3818.469766342365,4004.7636363636366,Ordinary Lane,17,3460 - Hesperian/238 NB
3995.176389879957,3821.2454545454543,Ordinary Lane,18,3460 - Hesperian/238 NB
3748.0369698117825,3675.0318181818184,Ordinary Lane,14,3460 - Hesperian/238 NB
3831.7156526316912,3811.0454545454545,Ordinary Lane,15,3460 - Hesperian/238 NB
3744.9508247982076,3962.963636363637,Ordinary Lane,16,3460 - Hesperian/238 NB
3968.3356165055234,3986.809090909091,Ordinary Lane,17,3460 - Hesperian/238 NB
3992.5999467050715,3804.977272727273,Ordinary Lane,18,3460 - Hesperian/238 NB
3680.874157380742,3676.2909090909097,Ordinary Lane,14,3460 - Hesperian/238 NB
3738.746718666554,3819.422727272727,Ordinary Lane,15,3460 - Hesperian/238 NB
3689.7147616888124,3973.4909090909086,Ordinary Lane,16,3460 - Hesperian/238 NB
4073.144470903834,3987.363636363636,Ordinary Lane,17,3460 - Hesperian/238 NB
3942.3694744649597,3831.5818181818177,Ordinary Lane,18,3460 - Hesperian/238 NB
3647.499676514721,3679.909090909091,Ordinary Lane,14,3460 - Hesperian/238 NB
3755.7347335060576,3898.1,Ordinary Lane,15,3460 - Hesperian/238 NB
3670.490819177994,3981.1545454545458,Ordinary Lane,16,3460 - Hesperian/238 NB
3763.119116682248,4002.2454545454543,Ordinary Lane,17,3460 - Hesperian/238 NB
3921.0480052023836,3832.6545454545458,Ordinary Lane,18,3460 - Hesperian/238 NB
3548.271362458742,3684.7227272727273,Ordinary Lane,14,3460 - Hesperian/238 NB
3526.5146882283498,3886.5909090909095,Ordinary Lane,15,3460 - Hesperian/238 NB
3608.3402179075074,3962.3590909090913,Ordinary Lane,16,3460 - Hesperian/238 NB
4066.006565523763,3994.327272727273,Ordinary Lane,17,3460 - Hesperian/238 NB
3810.2460880600893,3836.0318181818184,Ordinary Lane,18,3460 - Hesperian/238 NB
3742.3745653961623,3671.2409090909096,Ordinary Lane,14,3460 - Hesperian/238 NB
3812.1696644008866,3874.9681818181825,Ordinary Lane,15,3460 - Hesperian/238 NB
4081.6726136412435,3960.959090909091,Ordinary Lane,16,3460 - Hesperian/238 NB
3818.4697663423676,4020.459090909091,Ordinary Lane,17,3460 - Hesperian/238 NB
3995.176389879957,3885.6636363636367,Ordinary Lane,18,3460 - Hesperian/238 NB
3748.0369698117825,3677.7409090909086,Ordinary Lane,14,3460 - Hesperian/238 NB
3806.6218476072518,3875.7045454545464,Ordinary Lane,15,3460 - Hesperian/238 NB
3744.9508247982076,3956.177272727273,Ordinary Lane,16,3460 - Hesperian/238 NB
4136.868942212843,4036.486363636364,Ordinary Lane,17,3460 - Hesperian/238 NB
3992.5999467050724,3921.709090909091,Ordinary Lane,18,3460 - Hesperian/238 NB
3680.874157380742,3686.486363636364,Ordinary Lane,14,3460 - Hesperian/238 NB
3748.4134853412625,3884.5272727272727,Ordinary Lane,15,3460 - Hesperian/238 NB
3689.7147616888124,3993.4,Ordinary Lane,16,3460 - Hesperian/238 NB
4073.144470903835,4048.963636363636,Ordinary Lane,17,3460 - Hesperian/238 NB
3942.3694744649597,3938.227272727273,Ordinary Lane,18,3460 - Hesperian/238 NB
3647.499676514721,3692.336363636364,Ordinary Lane,14,3460 - Hesperian/238 NB
3767.673166261806,3875.85,Ordinary Lane,15,3460 - Hesperian/238 NB
3670.490819179506,3996.65,Ordinary Lane,16,3460 - Hesperian/238 NB
3781.287681925018,4051.5545454545454,Ordinary Lane,17,3460 - Hesperian/238 NB
3921.0480052023836,3938.690909090909,Ordinary Lane,18,3460 - Hesperian/238 NB
3548.271362458742,3688.381818181818,Ordinary Lane,14,3460 - Hesperian/238 NB
3525.346931572101,3871.750000000001,Ordinary Lane,15,3460 - Hesperian/238 NB
3607.9008881155573,4006.7454545454543,Ordinary Lane,16,3460 - Hesperian/238 NB
4075.4085950186536,4055.4136363636367,Ordinary Lane,17,3460 - Hesperian/238 NB
3810.2460880600893,3947.1409090909087,Ordinary Lane,18,3460 - Hesperian/238 NB
3742.3745653961614,3719.922727272728,Ordinary Lane,14,3460 - Hesperian/238 NB
3730.091390639178,3907.772727272728,Ordinary Lane,15,3460 - Hesperian/238 NB
3953.034958360005,4024.0636363636368,Ordinary Lane,16,3460 - Hesperian/238 NB
3818.4697663423694,4085.1681818181814,Ordinary Lane,17,3460 - Hesperian/238 NB
3995.176389879957,3966.4954545454543,Ordinary Lane,18,3460 - Hesperian/238 NB
3748.0369698117825,3750.209090909091,Ordinary Lane,14,3460 - Hesperian/238 NB
3723.105428586771,3924.2409090909096,Ordinary Lane,15,3460 - Hesperian/238 NB
3744.9508247982076,4029.8727272727274,Ordinary Lane,16,3460 - Hesperian/238 NB
4136.86894221284,4081.2181818181825,Ordinary Lane,17,3460 - Hesperian/238 NB
3992.599946705072,4013.4500000000007,Ordinary Lane,18,3460 - Hesperian/238 NB
3680.874157380742,3746.5181818181823,Ordinary Lane,14,3460 - Hesperian/238 NB
3694.9720488533612,3927.6272727272735,Ordinary Lane,15,3460 - Hesperian/238 NB
3689.8187760265496,4017.8045454545454,Ordinary Lane,16,3460 - Hesperian/238 NB
4073.0924637349663,4097.827272727273,Ordinary Lane,17,3460 - Hesperian/238 NB
3942.3694744649597,4015.4681818181825,Ordinary Lane,18,3460 - Hesperian/238 NB
3647.499676514721,3743.0272727272727,Ordinary Lane,14,3460 - Hesperian/238 NB
3731.857867994493,3916.363636363637,Ordinary Lane,15,3460 - Hesperian/238 NB
3670.490819179506,4006.345454545455,Ordinary Lane,16,3460 - Hesperian/238 NB
3829.106608420909,4047.422727272728,Ordinary Lane,17,3460 - Hesperian/238 NB
3921.0480052023836,3990.5045454545457,Ordinary Lane,18,3460 - Hesperian/238 NB
3548.2713624587414,3735.9318181818185,Ordinary Lane,14,3460 - Hesperian/238 NB
3524.832274840664,3910.486363636364,Ordinary Lane,15,3460 - Hesperian/238 NB
3607.5357456450415,4026.3136363636368,Ordinary Lane,16,3460 - Hesperian/238 NB
4075.1095664968084,4055.8409090909095,Ordinary Lane,17,3460 - Hesperian/238 NB
3810.2460880600893,3980.7181818181816,Ordinary Lane,18,3460 - Hesperian/238 NB
3742.3745653961614,3757.7636363636366,Ordinary Lane,14,3460 - Hesperian/238 NB
3763.0109998036482,3930.0818181818186,Ordinary Lane,15,3460 - Hesperian/238 NB
3970.2244082631405,4051.8818181818183,Ordinary Lane,16,3460 - Hesperian/238 NB
3873.3358869960066,4052.0,Ordinary Lane,17,3460 - Hesperian/238 NB
3995.1763898799572,3989.1681818181814,Ordinary Lane,18,3460 - Hesperian/238 NB
3748.036969811782,3766.7409090909096,Ordinary Lane,14,3460 - Hesperian/238 NB
3723.1054285867717,3939.7954545454545,Ordinary Lane,15,3460 - Hesperian/238 NB
3772.1193815279707,4064.327272727273,Ordinary Lane,16,3460 - Hesperian/238 NB
3968.335616505524,4065.677272727273,Ordinary Lane,17,3460 - Hesperian/238 NB
3992.599946705072,3994.8,Ordinary Lane,18,3460 - Hesperian/238 NB
3680.874157380742,3752.8909090909087,Ordinary Lane,14,3460 - Hesperian/238 NB
3736.1141985446193,3938.636363636364,Ordinary Lane,15,3460 - Hesperian/238 NB
3689.8187760265496,4078.368181818182,Ordinary Lane,16,3460 - Hesperian/238 NB
4073.0924637349663,4084.8909090909096,Ordinary Lane,17,3460 - Hesperian/238 NB
3942.3694744649597,4007.2272727272734,Ordinary Lane,18,3460 - Hesperian/238 NB
3647.499676514721,3759.0818181818186,Ordinary Lane,14,3460 - Hesperian/238 NB
3755.795191374182,3958.0272727272736,Ordinary Lane,15,3460 - Hesperian/238 NB
3688.9090373341432,4091.772727272727,Ordinary Lane,16,3460 - Hesperian/238 NB
3876.9255349168,4095.922727272727,Ordinary Lane,17,3460 - Hesperian/238 NB
3921.048005202384,4010.831818181819,Ordinary Lane,18,3460 - Hesperian/238 NB
3548.2713624587414,3759.7318181818177,Ordinary Lane,14,3460 - Hesperian/238 NB
3524.767299523538,3972.177272727273,Ordinary Lane,15,3460 - Hesperian/238 NB
3606.5070170712656,4087.25,Ordinary Lane,16,3460 - Hesperian/238 NB
4075.109566496807,4106.927272727273,Ordinary Lane,17,3460 - Hesperian/238 NB
3810.2460880600893,4019.5681818181824,Ordinary Lane,18,3460 - Hesperian/238 NB
3742.3745653961614,3760.7954545454545,Ordinary Lane,14,3460 - Hesperian/238 NB
3763.0109998036487,3980.9181818181823,Ordinary Lane,15,3460 - Hesperian/238 NB
3970.2244082631405,4095.413636363636,Ordinary Lane,16,3460 - Hesperian/238 NB
3818.46976634237,4108.2,Ordinary Lane,17,3460 - Hesperian/238 NB
3995.1763898799577,4008.9545454545455,Ordinary Lane,18,3460 - Hesperian/238 NB
3748.0369698117806,3758.3545454545456,Ordinary Lane,14,3460 - Hesperian/238 NB
3723.1054285867717,3977.8545454545456,Ordinary Lane,15,3460 - Hesperian/238 NB
3772.1193815279707,4092.3954545454544,Ordinary Lane,16,3460 - Hesperian/238 NB
4136.86894221284,4144.286363636364,Ordinary Lane,17,3460 - Hesperian/238 NB
3992.599946705072,4006.3545454545456,Ordinary Lane,18,3460 - Hesperian/238 NB
3680.874157380742,3755.713636363637,Ordinary Lane,14,3460 - Hesperian/238 NB
3700.5921398601718,3962.522727272727,Ordinary Lane,15,3460 - Hesperian/238 NB
3701.0589580401706,4093.809090909091,Ordinary Lane,16,3460 - Hesperian/238 NB
4259.767405154997,4130.2818181818175,Ordinary Lane,17,3460 - Hesperian/238 NB
3942.3694744649597,4005.1954545454546,Ordinary Lane,18,3460 - Hesperian/238 NB
3647.499676514721,3758.6045454545456,Ordinary Lane,14,3460 - Hesperian/238 NB
3755.795191374182,3878.577272727273,Ordinary Lane,15,3460 - Hesperian/238 NB
3688.909037334143,4113.25,Ordinary Lane,16,3460 - Hesperian/238 NB
3829.1066084209087,4179.172727272728,Ordinary Lane,17,3460 - Hesperian/238 NB
3921.0480052023836,4036.7590909090914,Ordinary Lane,18,3460 - Hesperian/238 NB
3548.2713624587414,3753.0045454545457,Ordinary Lane,14,3460 - Hesperian/238 NB
3524.9750696701553,3891.559090909091,Ordinary Lane,15,3460 - Hesperian/238 NB
3606.466111189404,4110.972727272727,Ordinary Lane,16,3460 - Hesperian/238 NB
3640.21097464628,4170.163636363636,Ordinary Lane,17,3460 - Hesperian/238 NB
3810.2460880600893,4058.750000000001,Ordinary Lane,18,3460 - Hesperian/238 NB
3742.3745653961614,3722.65,Ordinary Lane,14,3460 - Hesperian/238 NB
3763.0109998036482,3867.981818181818,Ordinary Lane,15,3460 - Hesperian/238 NB
3970.2244082631405,4082.9727272727273,Ordinary Lane,16,3460 - Hesperian/238 NB
3818.4697663423685,4143.222727272727,Ordinary Lane,17,3460 - Hesperian/238 NB
3995.1763898799577,4044.522727272728,Ordinary Lane,18,3460 - Hesperian/238 NB
3748.036969811782,3692.8409090909095,Ordinary Lane,14,3460 - Hesperian/238 NB
3820.3756585510846,3844.909090909092,Ordinary Lane,15,3460 - Hesperian/238 NB
3798.8006699079247,4062.886363636364,Ordinary Lane,16,3460 - Hesperian/238 NB
4136.86894221284,4129.85,Ordinary Lane,17,3460 - Hesperian/238 NB
3992.599946705072,4049.4727272727278,Ordinary Lane,18,3460 - Hesperian/238 NB
3680.874157380742,3701.522727272728,Ordinary Lane,14,3460 - Hesperian/238 NB
3710.25890653488,3845.463636363637,Ordinary Lane,15,3460 - Hesperian/238 NB
3701.0589580401706,3976.413636363636,Ordinary Lane,16,3460 - Hesperian/238 NB
4259.7674051549975,4035.5590909090906,Ordinary Lane,17,3460 - Hesperian/238 NB
3942.36947446496,4031.036363636363,Ordinary Lane,18,3460 - Hesperian/238 NB
3647.499676514721,3693.2000000000007,Ordinary Lane,14,3460 - Hesperian/238 NB
3719.9798934845885,3841.25,Ordinary Lane,15,3460 - Hesperian/238 NB
3688.909037711862,3967.386363636364,Ordinary Lane,16,3460 - Hesperian/238 NB
4189.7109014613025,4019.3,Ordinary Lane,17,3460 - Hesperian/238 NB
3921.048005957822,4022.3363636363633,Ordinary Lane,18,3460 - Hesperian/238 NB
3548.2713624587414,3697.5181818181823,Ordinary Lane,14,3460 - Hesperian/238 NB
3524.835820044855,3814.850000000001,Ordinary Lane,15,3460 - Hesperian/238 NB
3606.466111189404,3946.1681818181823,Ordinary Lane,16,3460 - Hesperian/238 NB
4058.312893046158,4011.6090909090913,Ordinary Lane,17,3460 - Hesperian/238 NB
3810.2460880600893,4021.55,Ordinary Lane,18,3460 - Hesperian/238 NB
3742.374565396161,3688.5545454545454,Ordinary Lane,14,3460 - Hesperian/238 NB
3763.0109998036496,3822.1454545454544,Ordinary Lane,15,3460 - Hesperian/238 NB
4081.3337093900086,3927.1545454545458,Ordinary Lane,16,3460 - Hesperian/238 NB
3818.469766342369,4000.7545454545457,Ordinary Lane,17,3460 - Hesperian/238 NB
3995.1763898799577,4041.7863636363645,Ordinary Lane,18,3460 - Hesperian/238 NB
3748.0369698117806,3688.4454545454546,Ordinary Lane,14,3460 - Hesperian/238 NB
3736.8592395306046,3824.422727272728,Ordinary Lane,15,3460 - Hesperian/238 NB
3798.8006699079247,3935.3545454545456,Ordinary Lane,16,3460 - Hesperian/238 NB
3968.335616505524,3998.927272727273,Ordinary Lane,17,3460 - Hesperian/238 NB
3992.599946705072,4040.9454545454546,Ordinary Lane,18,3460 - Hesperian/238 NB
3680.874157380742,3696.822727272728,Ordinary Lane,14,3460 - Hesperian/238 NB
3706.173330921221,3829.3045454545454,Ordinary Lane,15,3460 - Hesperian/238 NB
3716.586271807516,3939.986363636364,Ordinary Lane,16,3460 - Hesperian/238 NB
4255.728352684967,4009.3136363636368,Ordinary Lane,17,3460 - Hesperian/238 NB
3942.36947446496,4054.272727272728,Ordinary Lane,18,3460 - Hesperian/238 NB
3647.499676514721,3702.459090909091,Ordinary Lane,14,3460 - Hesperian/238 NB
3756.1738949222286,3935.136363636364,Ordinary Lane,15,3460 - Hesperian/238 NB
3799.9330815630574,3942.3,Ordinary Lane,16,3460 - Hesperian/238 NB
4189.7109014613025,4016.386363636363,Ordinary Lane,17,3460 - Hesperian/238 NB
3921.048005957822,4063.4500000000007,Ordinary Lane,18,3460 - Hesperian/238 NB
3548.2713624587414,3722.000000000001,Ordinary Lane,14,3460 - Hesperian/238 NB
3524.6280498982387,3946.3727272727274,Ordinary Lane,15,3460 - Hesperian/238 NB
3595.1959291826347,3942.1909090909094,Ordinary Lane,16,3460 - Hesperian/238 NB
4058.728433339392,4028.481818181818,Ordinary Lane,17,3460 - Hesperian/238 NB
3810.2460880600893,4059.9,Ordinary Lane,18,3460 - Hesperian/238 NB
3742.374565396161,3754.3772727272726,Ordinary Lane,14,3460 - Hesperian/238 NB
3763.010999803647,3961.8772727272726,Ordinary Lane,15,3460 - Hesperian/238 NB
4081.3337093900095,3955.7818181818184,Ordinary Lane,16,3460 - Hesperian/238 NB
3873.3358869960052,4044.945454545455,Ordinary Lane,17,3460 - Hesperian/238 NB
3995.1763898799577,4066.3590909090913,Ordinary Lane,18,3460 - Hesperian/238 NB
3748.0369698117806,3782.3454545454542,Ordinary Lane,14,3460 - Hesperian/238 NB
3736.8592395306046,3985.763636363636,Ordinary Lane,15,3460 - Hesperian/238 NB
3824.9868325718567,3964.0681818181815,Ordinary Lane,16,3460 - Hesperian/238 NB
3968.335616505524,4022.5681818181815,Ordinary Lane,17,3460 - Hesperian/238 NB
3992.599946705072,4035.0318181818184,Ordinary Lane,18,3460 - Hesperian/238 NB
3680.874157380742,3783.7227272727273,Ordinary Lane,14,3460 - Hesperian/238 NB
3700.692736427789,3993.9954545454552,Ordinary Lane,15,3460 - Hesperian/238 NB
3716.388698653266,4043.459090909091,Ordinary Lane,16,3460 - Hesperian/238 NB
4255.827139262092,4108.863636363637,Ordinary Lane,17,3460 - Hesperian/238 NB
3942.36947446496,4056.1500000000005,Ordinary Lane,18,3460 - Hesperian/238 NB
3647.499676514721,3788.1,Ordinary Lane,14,3460 - Hesperian/238 NB
3713.719777973633,3976.2454545454552,Ordinary Lane,15,3460 - Hesperian/238 NB
3781.1966185225924,4040.8181818181815,Ordinary Lane,16,3460 - Hesperian/238 NB
4192.32736005262,4108.427272727273,Ordinary Lane,17,3460 - Hesperian/238 NB
3921.048005957822,4073.886363636364,Ordinary Lane,18,3460 - Hesperian/238 NB
3548.2713624587414,3784.7590909090914,Ordinary Lane,14,3460 - Hesperian/238 NB
3514.041727796336,3984.1318181818183,Ordinary Lane,15,3460 - Hesperian/238 NB
3606.1779692843193,4071.3727272727274,Ordinary Lane,16,3460 - Hesperian/238 NB
4067.266379758283,4114.313636363636,Ordinary Lane,17,3460 - Hesperian/238 NB
3810.2460880600893,4081.4954545454552,Ordinary Lane,18,3460 - Hesperian/238 NB
869.589212427392,865.0461538461539,HOT Lane,14,3420 - Auto Mall NB
407.4973457563611,924.9769230769231,HOT Lane,15,3420 - Auto Mall NB
752.3992206630836,892.3076923076924,HOT Lane,16,3420 - Auto Mall NB
742.8101274937924,868.0846153846154,HOT Lane,17,3420 - Auto Mall NB
803.8095498953668,729.9,HOT Lane,18,3420 - Auto Mall NB
833.7167828337565,853.3,HOT Lane,14,3420 - Auto Mall NB
479.87259799323556,913.1,HOT Lane,15,3420 - Auto Mall NB
786.0663066295883,888.8461538461539,HOT Lane,16,3420 - Auto Mall NB
740.014477708758,859.1846153846154,HOT Lane,17,3420 - Auto Mall NB
795.8300932563483,728.1384615384616,HOT Lane,18,3420 - Auto Mall NB
846.3925621516862,863.3,HOT Lane,14,3420 - Auto Mall NB
471.62887012527835,899.2,HOT Lane,15,3420 - Auto Mall NB
787.6525213998182,896.0461538461539,HOT Lane,16,3420 - Auto Mall NB
733.0137510543916,863.0076923076924,HOT Lane,17,3420 - Auto Mall NB
787.9171010140583,738.3384615384615,HOT Lane,18,3420 - Auto Mall NB
825.4906869303993,864.9846153846154,HOT Lane,14,3420 - Auto Mall NB
747.8176651100896,909.5153846153846,HOT Lane,15,3420 - Auto Mall NB
765.1937006930665,895.8307692307692,HOT Lane,16,3420 - Auto Mall NB
688.7238876318338,864.3923076923077,HOT Lane,17,3420 - Auto Mall NB
755.8228843850604,741.0153846153846,HOT Lane,18,3420 - Auto Mall NB
762.1947397617118,867.8307692307692,HOT Lane,14,3420 - Auto Mall NB
708.5900704352805,911.676923076923,HOT Lane,15,3420 - Auto Mall NB
731.0629278898032,898.4615384615385,HOT Lane,16,3420 - Auto Mall NB
713.927306739387,861.5692307692309,HOT Lane,17,3420 - Auto Mall NB
766.1295240979478,743.0307692307691,HOT Lane,18,3420 - Auto Mall NB
869.5892124273922,867.7076923076924,HOT Lane,14,3420 - Auto Mall NB
407.49734575636234,911.5769230769231,HOT Lane,15,3420 - Auto Mall NB
752.3992206630837,898.7923076923076,HOT Lane,16,3420 - Auto Mall NB
742.8101274937924,856.9538461538461,HOT Lane,17,3420 - Auto Mall NB
803.8095498953663,733.0153846153846,HOT Lane,18,3420 - Auto Mall NB
835.2127153929677,872.2615384615385,HOT Lane,14,3420 - Auto Mall NB
481.8173103202096,916.4230769230769,HOT Lane,15,3420 - Auto Mall NB
787.5622391887994,900.2307692307692,HOT Lane,16,3420 - Auto Mall NB
741.5104102679688,857.7153846153846,HOT Lane,17,3420 - Auto Mall NB
797.3260258155589,733.5846153846154,HOT Lane,18,3420 - Auto Mall NB
835.1523801380654,874.1692307692308,HOT Lane,14,3420 - Auto Mall NB
471.62887012527824,919.1923076923078,HOT Lane,15,3420 - Auto Mall NB
776.4123393861972,893.0076923076924,HOT Lane,16,3420 - Auto Mall NB
733.0137510543916,853.7846153846154,HOT Lane,17,3420 - Auto Mall NB
787.9171010140583,734.5230769230769,HOT Lane,18,3420 - Auto Mall NB
825.4906869303993,876.5230769230769,HOT Lane,14,3420 - Auto Mall NB
747.8176651100896,926.4538461538461,HOT Lane,15,3420 - Auto Mall NB
765.1937006930666,889.3923076923078,HOT Lane,16,3420 - Auto Mall NB
688.7238876318343,842.9615384615385,HOT Lane,17,3420 - Auto Mall NB
755.8228843850604,723.2692307692307,HOT Lane,18,3420 - Auto Mall NB
762.1947397617118,880.1076923076923,HOT Lane,14,3420 - Auto Mall NB
708.5900704352805,926.5230769230769,HOT Lane,15,3420 - Auto Mall NB
731.0629278898032,881.3615384615384,HOT Lane,16,3420 - Auto Mall NB
713.927306739387,843.6692307692307,HOT Lane,17,3420 - Auto Mall NB
766.4140334085516,731.1692307692308,HOT Lane,18,3420 - Auto Mall NB
869.589212427392,890.0307692307694,HOT Lane,14,3420 - Auto Mall NB
407.49734575636234,933.8384615384615,HOT Lane,15,3420 - Auto Mall NB
752.3992206630836,888.6307692307694,HOT Lane,16,3420 - Auto Mall NB
742.8101274937925,845.5923076923078,HOT Lane,17,3420 - Auto Mall NB
803.8095498953661,726.6384615384616,HOT Lane,18,3420 - Auto Mall NB
833.716782833756,907.8615384615384,HOT Lane,14,3420 - Auto Mall NB
479.87259799323556,951.7384615384615,HOT Lane,15,3420 - Auto Mall NB
786.0663066295881,897.5692307692307,HOT Lane,16,3420 - Auto Mall NB
740.0144777087582,859.3615384615384,HOT Lane,17,3420 - Auto Mall NB
795.8300932563483,729.0230769230768,HOT Lane,18,3420 - Auto Mall NB
835.1523801380653,911.376923076923,HOT Lane,14,3420 - Auto Mall NB
471.6288701252781,974.8307692307692,HOT Lane,15,3420 - Auto Mall NB
775.60734198935,908.5307692307691,HOT Lane,16,3420 - Auto Mall NB
733.0137510543914,867.8076923076924,HOT Lane,17,3420 - Auto Mall NB
787.9171010140581,731.1692307692308,HOT Lane,18,3420 - Auto Mall NB
825.4906869303996,915.1846153846154,HOT Lane,14,3420 - Auto Mall NB
730.3484903044186,978.7153846153848,HOT Lane,15,3420 - Auto Mall NB
765.1937006930666,911.6692307692308,HOT Lane,16,3420 - Auto Mall NB
688.7238876318338,872.2153846153848,HOT Lane,17,3420 - Auto Mall NB
755.8228843850604,734.9076923076923,HOT Lane,18,3420 - Auto Mall NB
762.1947397617118,914.4153846153847,HOT Lane,14,3420 - Auto Mall NB
708.1238676316124,983.6461538461539,HOT Lane,15,3420 - Auto Mall NB
731.0629278898032,912.8153846153846,HOT Lane,16,3420 - Auto Mall NB
713.9273067393867,873.7923076923078,HOT Lane,17,3420 - Auto Mall NB
766.1295240979478,743.6923076923077,HOT Lane,18,3420 - Auto Mall NB
869.589212427392,921.2,HOT Lane,14,3420 - Auto Mall NB
407.49734575636234,993.8846153846156,HOT Lane,15,3420 - Auto Mall NB
802.929002970798,916.5076923076922,HOT Lane,16,3420 - Auto Mall NB
742.8101274937923,884.5,HOT Lane,17,3420 - Auto Mall NB
803.8095498953656,757.2384615384615,HOT Lane,18,3420 - Auto Mall NB
833.7167828337559,916.0461538461539,HOT Lane,14,3420 - Auto Mall NB
479.8323068867205,997.7076923076924,HOT Lane,15,3420 - Auto Mall NB
786.0663066295881,924.7923076923076,HOT Lane,16,3420 - Auto Mall NB
740.014477708758,888.6307692307694,HOT Lane,17,3420 - Auto Mall NB
795.8300932563482,762.4846153846154,HOT Lane,18,3420 - Auto Mall NB
827.6589254623177,905.7384615384615,HOT Lane,14,3420 - Auto Mall NB
475.3755974631515,1002.7923076923078,HOT Lane,15,3420 - Auto Mall NB
768.1138873136026,929.5846153846153,HOT Lane,16,3420 - Auto Mall NB
733.0137510543914,893.876923076923,HOT Lane,17,3420 - Auto Mall NB
787.9171010140581,766.5,HOT Lane,18,3420 - Auto Mall NB
825.4906869303992,901.2692307692308,HOT Lane,14,3420 - Auto Mall NB
730.3484903044184,990.5692307692309,HOT Lane,15,3420 - Auto Mall NB
765.1937006930665,927.8846153846155,HOT Lane,16,3420 - Auto Mall NB
688.7238880773243,894.2615384615385,HOT Lane,17,3420 - Auto Mall NB
755.8228843851173,767.4846153846154,HOT Lane,18,3420 - Auto Mall NB
762.1947397617118,901.723076923077,HOT Lane,14,3420 - Auto Mall NB
708.1238676316124,990.3076923076924,HOT Lane,15,3420 - Auto Mall NB
731.0629278898032,933.5,HOT Lane,16,3420 - Auto Mall NB
713.9273067393867,894.0846153846154,HOT Lane,17,3420 - Auto Mall NB
766.4140334085516,768.5846153846153,HOT Lane,18,3420 - Auto Mall NB
869.589212427392,900.8615384615384,HOT Lane,14,3420 - Auto Mall NB
407.49734575636234,994.4307692307693,HOT Lane,15,3420 - Auto Mall NB
802.929002970798,931.0384615384615,HOT Lane,16,3420 - Auto Mall NB
742.810127493792,898.8,HOT Lane,17,3420 - Auto Mall NB
803.8095498953656,770.9,HOT Lane,18,3420 - Auto Mall NB
833.716782833756,899.6461538461539,HOT Lane,14,3420 - Auto Mall NB
479.8323068867205,991.5230769230769,HOT Lane,15,3420 - Auto Mall NB
786.0663066295879,937.3384615384615,HOT Lane,16,3420 - Auto Mall NB
740.0144777087579,899.8692307692309,HOT Lane,17,3420 - Auto Mall NB
795.8300932563479,769.3846153846155,HOT Lane,18,3420 - Auto Mall NB
827.6589254623177,901.1538461538461,HOT Lane,14,3420 - Auto Mall NB
475.3755974631515,988.1923076923078,HOT Lane,15,3420 - Auto Mall NB
768.1138873136025,934.2,HOT Lane,16,3420 - Auto Mall NB
733.0137510543914,901.8076923076924,HOT Lane,17,3420 - Auto Mall NB
787.9171010140576,767.9076923076923,HOT Lane,18,3420 - Auto Mall NB
825.4906869303993,902.5,HOT Lane,14,3420 - Auto Mall NB
730.3484903044184,989.9538461538461,HOT Lane,15,3420 - Auto Mall NB
765.1937006930665,937.2384615384615,HOT Lane,16,3420 - Auto Mall NB
688.7238880773243,905.9384615384615,HOT Lane,17,3420 - Auto Mall NB
748.0998820827602,768.4692307692308,HOT Lane,18,3420 - Auto Mall NB
762.5378442493364,904.1461538461538,HOT Lane,14,3420 - Auto Mall NB
702.7303061673283,976.8846153846155,HOT Lane,15,3420 - Auto Mall NB
731.4060323774283,936.0846153846154,HOT Lane,16,3420 - Auto Mall NB
713.9273067393867,901.9076923076924,HOT Lane,17,3420 - Auto Mall NB
766.4140334085516,754.9692307692308,HOT Lane,18,3420 - Auto Mall NB
869.5892124273915,869.2923076923078,HOT Lane,14,3420 - Auto Mall NB
407.49734575636234,947.0923076923078,HOT Lane,15,3420 - Auto Mall NB
600.809873739941,948.9,HOT Lane,16,3420 - Auto Mall NB
742.8101274937919,900.6615384615385,HOT Lane,17,3420 - Auto Mall NB
803.8095498953661,745.1923076923077,HOT Lane,18,3420 - Auto Mall NB
833.716782833756,876.2076923076924,HOT Lane,14,3420 - Auto Mall NB
480.30348984422017,943.376923076923,HOT Lane,15,3420 - Auto Mall NB
786.0663066295872,942.5461538461539,HOT Lane,16,3420 - Auto Mall NB
740.0144777087573,900.5923076923076,HOT Lane,17,3420 - Auto Mall NB
795.8300932563475,747.2461538461539,HOT Lane,18,3420 - Auto Mall NB
827.6589254623182,885.8307692307692,HOT Lane,14,3420 - Auto Mall NB
487.12931683948386,942.9538461538461,HOT Lane,15,3420 - Auto Mall NB
768.252804919221,944.8461538461539,HOT Lane,16,3420 - Auto Mall NB
733.0137510543912,896.3,HOT Lane,17,3420 - Auto Mall NB
787.9171010140576,744.3846153846154,HOT Lane,18,3420 - Auto Mall NB
825.4906869303999,891.0076923076922,HOT Lane,14,3420 - Auto Mall NB
730.3484903044186,955.223076923077,HOT Lane,15,3420 - Auto Mall NB
765.1937002853095,958.9769230769231,HOT Lane,16,3420 - Auto Mall NB
688.7238876320054,914.2461538461539,HOT Lane,17,3420 - Auto Mall NB
748.09988208276,758.2615384615385,HOT Lane,18,3420 - Auto Mall NB
761.178112369226,894.2923076923076,HOT Lane,14,3420 - Auto Mall NB
709.5560658912775,959.0153846153846,HOT Lane,15,3420 - Auto Mall NB
728.6208243921722,962.9923076923078,HOT Lane,16,3420 - Auto Mall NB
713.9273067393867,921.4307692307693,HOT Lane,17,3420 - Auto Mall NB
766.4140334085514,760.8307692307692,HOT Lane,18,3420 - Auto Mall NB
869.5892124273913,897.7692307692308,HOT Lane,14,3420 - Auto Mall NB
504.610387528899,956.3846153846155,HOT Lane,15,3420 - Auto Mall NB
701.8694383553673,963.0230769230769,HOT Lane,16,3420 - Auto Mall NB
742.8101274937916,914.5076923076922,HOT Lane,17,3420 - Auto Mall NB
803.8095498953659,756.1615384615385,HOT Lane,18,3420 - Auto Mall NB
833.7167828337558,902.0076923076924,HOT Lane,14,3420 - Auto Mall NB
480.30348984422017,962.0384615384615,HOT Lane,15,3420 - Auto Mall NB
786.0663066295874,963.446153846154,HOT Lane,16,3420 - Auto Mall NB
740.0144777087571,920.4692307692309,HOT Lane,17,3420 - Auto Mall NB
795.8300932563475,761.4153846153846,HOT Lane,18,3420 - Auto Mall NB
825.9186838170126,900.623076923077,HOT Lane,14,3420 - Auto Mall NB
488.0478299350646,963.1384615384616,HOT Lane,15,3420 - Auto Mall NB
768.2528049192208,963.7846153846154,HOT Lane,16,3420 - Auto Mall NB
733.0137510543914,915.2307692307693,HOT Lane,17,3420 - Auto Mall NB
787.9171010140576,761.9615384615385,HOT Lane,18,3420 - Auto Mall NB
825.4906869304001,906.3538461538462,HOT Lane,14,3420 - Auto Mall NB
747.8176647154277,966.7307692307692,HOT Lane,15,3420 - Auto Mall NB
765.1937006930658,966.223076923077,HOT Lane,16,3420 - Auto Mall NB
688.7238880773243,910.6846153846154,HOT Lane,17,3420 - Auto Mall NB
748.0998820827599,764.6384615384616,HOT Lane,18,3420 - Auto Mall NB
761.1781123692259,915.6846153846154,HOT Lane,14,3420 - Auto Mall NB
709.5560658912775,986.6692307692307,HOT Lane,15,3420 - Auto Mall NB
728.6208243921722,968.0692307692307,HOT Lane,16,3420 - Auto Mall NB
713.9273067393864,918.1846153846154,HOT Lane,17,3420 - Auto Mall NB
766.4140334085515,778.9230769230769,HOT Lane,18,3420 - Auto Mall NB
869.5892124273914,943.323076923077,HOT Lane,14,3420 - Auto Mall NB
504.610387528899,1015.6615384615383,HOT Lane,15,3420 - Auto Mall NB
701.8694383553692,947.7615384615385,HOT Lane,16,3420 - Auto Mall NB
742.8101274937916,922.4769230769231,HOT Lane,17,3420 - Auto Mall NB
803.8095498953656,775.553846153846,HOT Lane,18,3420 - Auto Mall NB
831.8055177730815,945.876923076923,HOT Lane,14,3420 - Auto Mall NB
481.4667886252889,1016.4384615384615,HOT Lane,15,3420 - Auto Mall NB
785.767120117745,956.1153846153845,HOT Lane,16,3420 - Auto Mall NB
739.7152911969148,931.4538461538461,HOT Lane,17,3420 - Auto Mall NB
795.5309067445053,778.1153846153845,HOT Lane,18,3420 - Auto Mall NB
827.6589254623175,953.4076923076924,HOT Lane,14,3420 - Auto Mall NB
487.12931683948375,1024.253846153846,HOT Lane,15,3420 - Auto Mall NB
768.252804919221,958.0230769230769,HOT Lane,16,3420 - Auto Mall NB
733.0137510543916,933.7846153846154,HOT Lane,17,3420 - Auto Mall NB
787.9171010140581,782.3076923076923,HOT Lane,18,3420 - Auto Mall NB
833.4496421043222,961.5307692307691,HOT Lane,14,3420 - Auto Mall NB
738.3074454749328,1025.4538461538461,HOT Lane,15,3420 - Auto Mall NB
765.9231572214893,954.1538461538461,HOT Lane,16,3420 - Auto Mall NB
688.7238876285976,924.5846153846154,HOT Lane,17,3420 - Auto Mall NB
748.099882086168,776.9384615384615,HOT Lane,18,3420 - Auto Mall NB
760.3029347289514,965.5230769230769,HOT Lane,14,3420 - Auto Mall NB
709.5560658912775,1032.8,HOT Lane,15,3420 - Auto Mall NB
728.6208243921722,958.4153846153846,HOT Lane,16,3420 - Auto Mall NB
713.9273067393865,931.776923076923,HOT Lane,17,3420 - Auto Mall NB
766.4140334085516,786.6692307692308,HOT Lane,18,3420 - Auto Mall NB
869.5892124273913,953.7692307692307,HOT Lane,14,3420 - Auto Mall NB
504.610387528899,1019.3615384615383,HOT Lane,15,3420 - Auto Mall NB
701.8694383553683,942.0384615384615,HOT Lane,16,3420 - Auto Mall NB
742.8101274937915,927.0230769230769,HOT Lane,17,3420 - Auto Mall NB
803.8095498953654,778.8461538461538,HOT Lane,18,3420 - Auto Mall NB
831.5063312612396,959.4692307692306,HOT Lane,14,3420 - Auto Mall NB
481.1676021134468,1022.723076923077,HOT Lane,15,3420 - Auto Mall NB
785.4679336059027,940.5230769230769,HOT Lane,16,3420 - Auto Mall NB
739.4161046850726,929.1307692307691,HOT Lane,17,3420 - Auto Mall NB
795.2317202326628,784.9,HOT Lane,18,3420 - Auto Mall NB
825.9186838170124,969.7153846153846,HOT Lane,14,3420 - Auto Mall NB
488.25620634349207,1026.0692307692307,HOT Lane,15,3420 - Auto Mall NB
768.3222637220297,941.9307692307693,HOT Lane,16,3420 - Auto Mall NB
733.0137510543914,923.6153846153845,HOT Lane,17,3420 - Auto Mall NB
787.7582200580936,788.7307692307693,HOT Lane,18,3420 - Auto Mall NB
833.4496421043222,969.2692307692308,HOT Lane,14,3420 - Auto Mall NB
738.3074454817486,1026.646153846154,HOT Lane,15,3420 - Auto Mall NB
766.7089503974288,938.6615384615385,HOT Lane,16,3420 - Auto Mall NB
688.7238876354135,926.1461538461539,HOT Lane,17,3420 - Auto Mall NB
748.099882086168,790.823076923077,HOT Lane,18,3420 - Auto Mall NB
779.7810418854804,973.376923076923,HOT Lane,14,3420 - Auto Mall NB
725.3011949187746,1028.4,HOT Lane,15,3420 - Auto Mall NB
747.7740523732973,943.9615384615385,HOT Lane,16,3420 - Auto Mall NB
707.9877779338531,938.1615384615385,HOT Lane,17,3420 - Auto Mall NB
766.4140334085519,793.8923076923077,HOT Lane,18,3420 - Auto Mall NB
867.2107343241355,975.0846153846154,HOT Lane,14,3420 - Auto Mall NB
505.7996265805269,1019.8000000000002,HOT Lane,15,3420 - Auto Mall NB
701.8694383553691,942.9846153846154,HOT Lane,16,3420 - Auto Mall NB
742.8101274937909,929.3153846153848,HOT Lane,17,3420 - Auto Mall NB
803.8095498953653,788.6384615384616,HOT Lane,18,3420 - Auto Mall NB
833.1184098100712,974.6384615384616,HOT Lane,14,3420 - Auto Mall NB
479.5555235646148,1029.1692307692308,HOT Lane,15,3420 - Auto Mall NB
785.4679336059024,940.8538461538461,HOT Lane,16,3420 - Auto Mall NB
739.4161046850725,926.5307692307691,HOT Lane,17,3420 - Auto Mall NB
795.2317202326627,785.1692307692308,HOT Lane,18,3420 - Auto Mall NB
846.3925621516854,974.5307692307691,HOT Lane,14,3420 - Auto Mall NB
471.628870125278,1023.4384615384615,HOT Lane,15,3420 - Auto Mall NB
787.652521399817,938.7307692307692,HOT Lane,16,3420 - Auto Mall NB
728.7713168281293,933.5,HOT Lane,17,3420 - Auto Mall NB
787.7007658464718,783.9846153846154,HOT Lane,18,3420 - Auto Mall NB
836.8381669566461,966.4923076923078,HOT Lane,14,3420 - Auto Mall NB
695.2662027139132,1017.176923076923,HOT Lane,15,3420 - Auto Mall NB
697.4194734086464,931.2307692307693,HOT Lane,16,3420 - Auto Mall NB
688.7238876279511,929.2615384615383,HOT Lane,17,3420 - Auto Mall NB
748.0998820826525,779.323076923077,HOT Lane,18,3420 - Auto Mall NB
779.7810418854807,967.5384615384615,HOT Lane,14,3420 - Auto Mall NB
725.3011949187749,1006.2923076923076,HOT Lane,15,3420 - Auto Mall NB
721.5243955304197,921.053846153846,HOT Lane,16,3420 - Auto Mall NB
676.8918081507909,921.8923076923077,HOT Lane,17,3420 - Auto Mall NB
766.4140334085516,771.0692307692309,HOT Lane,18,3420 - Auto Mall NB
867.2107343241369,973.7,HOT Lane,14,3420 - Auto Mall NB
505.799626580527,1009.9153846153846,HOT Lane,15,3420 - Auto Mall NB
701.8694383553683,936.3923076923077,HOT Lane,16,3420 - Auto Mall NB
742.810127493789,930.7615384615385,HOT Lane,17,3420 - Auto Mall NB
803.8095498953652,773.6,HOT Lane,18,3420 - Auto Mall NB
831.5063312612397,966.4384615384618,HOT Lane,14,3420 - Auto Mall NB
531.0648062638295,1010.6846153846154,HOT Lane,15,3420 - Auto Mall NB
785.4679336059024,943.2,HOT Lane,16,3420 - Auto Mall NB
739.4161046850725,937.0307692307691,HOT Lane,17,3420 - Auto Mall NB
795.2317202326627,778.123076923077,HOT Lane,18,3420 - Auto Mall NB
846.3925621516858,962.7846153846154,HOT Lane,14,3420 - Auto Mall NB
472.14240748798954,1011.5153846153847,HOT Lane,15,3420 - Auto Mall NB
787.652521399817,946.2307692307692,HOT Lane,16,3420 - Auto Mall NB
723.1478430140553,953.9692307692306,HOT Lane,17,3420 - Auto Mall NB
787.7007658464717,786.9076923076923,HOT Lane,18,3420 - Auto Mall NB
836.8381669566465,966.3846153846152,HOT Lane,14,3420 - Auto Mall NB
695.9822546471825,1013.7615384615383,HOT Lane,15,3420 - Auto Mall NB
506.6157554955624,951.4461538461537,HOT Lane,16,3420 - Auto Mall NB
688.7238876279505,960.0692307692307,HOT Lane,17,3420 - Auto Mall NB
748.0998820826524,792.5230769230768,HOT Lane,18,3420 - Auto Mall NB
779.7810418854808,971.3076923076924,HOT Lane,14,3420 - Auto Mall NB
725.6762669491176,1016.1,HOT Lane,15,3420 - Auto Mall NB
721.8190958022942,959.4923076923078,HOT Lane,16,3420 - Auto Mall NB
689.8480798258167,957.5307692307691,HOT Lane,17,3420 - Auto Mall NB
766.4140334085516,802.4692307692308,HOT Lane,18,3420 - Auto Mall NB
867.2107343241362,970.6538461538461,HOT Lane,14,3420 - Auto Mall NB
506.1385308317634,1019.1076923076922,HOT Lane,15,3420 - Auto Mall NB
751.7214121606088,962.5,HOT Lane,16,3420 - Auto Mall NB
742.8101274937908,959.2153846153846,HOT Lane,17,3420 - Auto Mall NB
803.8095498953652,802.9461538461538,HOT Lane,18,3420 - Auto Mall NB
831.506331261239,972.4230769230769,HOT Lane,14,3420 - Auto Mall NB
531.0648062638294,1014.3538461538461,HOT Lane,15,3420 - Auto Mall NB
785.4679336059023,960.6692307692308,HOT Lane,16,3420 - Auto Mall NB
739.4161046850725,958.8923076923078,HOT Lane,17,3420 - Auto Mall NB
795.2317202326628,802.8307692307692,HOT Lane,18,3420 - Auto Mall NB
833.4121384927596,974.4769230769232,HOT Lane,14,3420 - Auto Mall NB
607.4000007458717,1013.6461538461539,HOT Lane,15,3420 - Auto Mall NB
776.412339386196,962.3307692307693,HOT Lane,16,3420 - Auto Mall NB
723.1478430140554,964.2692307692307,HOT Lane,17,3420 - Auto Mall NB
787.7007658464715,807.123076923077,HOT Lane,18,3420 - Auto Mall NB
836.8381669566465,982.1,HOT Lane,14,3420 - Auto Mall NB
737.0673941035184,993.5,HOT Lane,15,3420 - Auto Mall NB
522.2779444034559,972.0230769230768,HOT Lane,16,3420 - Auto Mall NB
688.7238876279505,971.8923076923077,HOT Lane,17,3420 - Auto Mall NB
748.0998820826524,813.5,HOT Lane,18,3420 - Auto Mall NB
779.7741236253427,981.6923076923076,HOT Lane,14,3420 - Auto Mall NB
725.3282061185298,1001.5384615384617,HOT Lane,15,3420 - Auto Mall NB
732.4397736341464,973.7461538461537,HOT Lane,16,3420 - Auto Mall NB
689.8480798258164,972.5538461538463,HOT Lane,17,3420 - Auto Mall NB
766.4140334085514,817.3384615384615,HOT Lane,18,3420 - Auto Mall NB
867.2107343241364,975.5615384615385,HOT Lane,14,3420 - Auto Mall NB
506.13853083176343,996.5615384615385,HOT Lane,15,3420 - Auto Mall NB
751.721412160608,968.3538461538461,HOT Lane,16,3420 - Auto Mall NB
742.8101274937886,967.0692307692309,HOT Lane,17,3420 - Auto Mall NB
803.8095498953652,811.3846153846155,HOT Lane,18,3420 - Auto Mall NB
831.5063312612393,983.9153846153847,HOT Lane,14,3420 - Auto Mall NB
612.8136188636383,989.0153846153846,HOT Lane,15,3420 - Auto Mall NB
785.2984010269508,958.6538461538461,HOT Lane,16,3420 - Auto Mall NB
739.4161046850722,958.9153846153846,HOT Lane,17,3420 - Auto Mall NB
795.2317202326627,805.623076923077,HOT Lane,18,3420 - Auto Mall NB
833.4121384927599,980.5,HOT Lane,14,3420 - Auto Mall NB
654.788344125169,981.3461538461537,HOT Lane,15,3420 - Auto Mall NB
776.4123393861954,950.5384615384615,HOT Lane,16,3420 - Auto Mall NB
723.1478430140551,947.1153846153848,HOT Lane,17,3420 - Auto Mall NB
787.7007658464717,789.5692307692308,HOT Lane,18,3420 - Auto Mall NB
836.8381669566465,969.2846153846154,HOT Lane,14,3420 - Auto Mall NB
736.749148799843,979.0076923076924,HOT Lane,15,3420 - Auto Mall NB
505.4223356053096,943.9615384615385,HOT Lane,16,3420 - Auto Mall NB
688.7238867329347,939.5461538461539,HOT Lane,17,3420 - Auto Mall NB
748.0998820825446,779.1076923076923,HOT Lane,18,3420 - Auto Mall NB
779.7741236253432,958.9692307692306,HOT Lane,14,3420 - Auto Mall NB
730.7364565841158,973.7153846153846,HOT Lane,15,3420 - Auto Mall NB
732.4397736341465,943.723076923077,HOT Lane,16,3420 - Auto Mall NB
689.8480798258164,942.7153846153848,HOT Lane,17,3420 - Auto Mall NB
766.4140334085514,779.8384615384615,HOT Lane,18,3420 - Auto Mall NB
867.2107343241365,951.2461538461539,HOT Lane,14,3420 - Auto Mall NB
506.13853083176355,971.7307692307693,HOT Lane,15,3420 - Auto Mall NB
701.1916298528938,939.5307692307691,HOT Lane,16,3420 - Auto Mall NB
742.8101274937886,938.5615384615385,HOT Lane,17,3420 - Auto Mall NB
803.8095498953653,779.6538461538462,HOT Lane,18,3420 - Auto Mall NB
831.5063312612391,948.4846153846154,HOT Lane,14,3420 - Auto Mall NB
687.7198617489848,965.9846153846154,HOT Lane,15,3420 - Auto Mall NB
759.1970046524941,932.9538461538461,HOT Lane,16,3420 - Auto Mall NB
739.4161046850721,939.9846153846154,HOT Lane,17,3420 - Auto Mall NB
795.2317202326627,779.7615384615385,HOT Lane,18,3420 - Auto Mall NB
832.002109728116,942.7999999999998,HOT Lane,14,3420 - Auto Mall NB
656.1236257603886,963.323076923077,HOT Lane,15,3420 - Auto Mall NB
776.4123393861953,929.9769230769231,HOT Lane,16,3420 - Auto Mall NB
723.1478430140554,933.623076923077,HOT Lane,17,3420 - Auto Mall NB
787.7007658464717,781.8846153846154,HOT Lane,18,3420 - Auto Mall NB
836.8381669566464,938.0076923076922,HOT Lane,14,3420 - Auto Mall NB
736.7491487998429,989.1923076923078,HOT Lane,15,3420 - Auto Mall NB
504.55207106012256,923.4153846153846,HOT Lane,16,3420 - Auto Mall NB
688.7238867292035,932.3307692307692,HOT Lane,17,3420 - Auto Mall NB
748.0998820825446,781.4153846153846,HOT Lane,18,3420 - Auto Mall NB
761.1711941090892,945.4230769230769,HOT Lane,14,3420 - Auto Mall NB
717.3756292279506,994.5692307692309,HOT Lane,15,3420 - Auto Mall NB
713.8368441178927,934.823076923077,HOT Lane,16,3420 - Auto Mall NB
689.8480798258164,942.3692307692306,HOT Lane,17,3420 - Auto Mall NB
766.4140334085514,790.8615384615384,HOT Lane,18,3420 - Auto Mall NB
867.2107343241364,944.6307692307694,HOT Lane,14,3420 - Auto Mall NB
603.2515726043002,1000.3923076923077,HOT Lane,15,3420 - Auto Mall NB
701.1916298528938,932.1076923076923,HOT Lane,16,3420 - Auto Mall NB
742.8101274937892,947.7307692307692,HOT Lane,17,3420 - Auto Mall NB
803.8095498953654,791.7461538461538,HOT Lane,18,3420 - Auto Mall NB
829.8942527124073,939.6615384615385,HOT Lane,14,3420 - Auto Mall NB
714.2805423730082,1006.7615384615385,HOT Lane,15,3420 - Auto Mall NB
759.197004652494,934.7692307692307,HOT Lane,16,3420 - Auto Mall NB
739.4161046850719,950.1846153846154,HOT Lane,17,3420 - Auto Mall NB
795.2317202326628,790.1384615384616,HOT Lane,18,3420 - Auto Mall NB
824.5086550523688,935.4384615384615,HOT Lane,14,3420 - Auto Mall NB
659.8703530982622,1007.5,HOT Lane,15,3420 - Auto Mall NB
768.918884710448,941.4384615384615,HOT Lane,16,3420 - Auto Mall NB
723.1478430140551,963.2461538461537,HOT Lane,17,3420 - Auto Mall NB
787.7007658464718,803.3307692307692,HOT Lane,18,3420 - Auto Mall NB
834.961624979624,944.0692307692309,HOT Lane,14,3420 - Auto Mall NB
738.30744547319,1010.2692307692308,HOT Lane,15,3420 - Auto Mall NB
504.7111937119603,943.2538461538461,HOT Lane,16,3420 - Auto Mall NB
688.7238867292034,975.8384615384615,HOT Lane,17,3420 - Auto Mall NB
748.0998820825446,814.3538461538461,HOT Lane,18,3420 - Auto Mall NB
760.2960164688143,952.2615384615385,HOT Lane,14,3420 - Auto Mall NB
717.3756292279504,1012.4923076923076,HOT Lane,15,3420 - Auto Mall NB
719.3029838447878,939.5076923076924,HOT Lane,16,3420 - Auto Mall NB
689.8480798258161,973.9615384615383,HOT Lane,17,3420 - Auto Mall NB
766.414033408551,803.4615384615385,HOT Lane,18,3420 - Auto Mall NB
867.2107343241363,900.5600000000001,HOT Lane,14,3430 - Mowry NB
603.2515726043001,973.82,HOT Lane,15,3430 - Mowry NB
701.1916298528936,962.2,HOT Lane,16,3430 - Mowry NB
742.8101274937891,974.96,HOT Lane,17,3430 - Mowry NB
803.8095498953652,863.24,HOT Lane,18,3430 - Mowry NB
829.894252712407,873.8799999999999,HOT Lane,14,3430 - Mowry NB
714.2389981020643,944.78,HOT Lane,15,3430 - Mowry NB
759.197004652494,943.9200000000001,HOT Lane,16,3430 - Mowry NB
739.4161046850719,945.32,HOT Lane,17,3430 - Mowry NB
795.2317202326631,845.04,HOT Lane,18,3430 - Mowry NB
824.5086550523683,871.9,HOT Lane,14,3430 - Mowry NB
659.8703530982621,931.9799999999999,HOT Lane,15,3430 - Mowry NB
768.9188847104479,938.9599999999998,HOT Lane,16,3430 - Mowry NB
728.7713168281291,937.64,HOT Lane,17,3430 - Mowry NB
787.700765846472,857.28,HOT Lane,18,3430 - Mowry NB
834.9616249796237,860.1600000000001,HOT Lane,14,3430 - Mowry NB
738.0964296821243,933.76,HOT Lane,15,3430 - Mowry NB
705.5244639255365,926.28,HOT Lane,16,3430 - Mowry NB
670.5553214860588,925.2,HOT Lane,17,3430 - Mowry NB
748.0998820824368,843.4799999999999,HOT Lane,18,3430 - Mowry NB
757.6663265312172,851.3799999999999,HOT Lane,14,3430 - Mowry NB
709.3376888247675,926.64,HOT Lane,15,3430 - Mowry NB
704.614732165926,919.0600000000001,HOT Lane,16,3430 - Mowry NB
689.8480798258157,917.5,HOT Lane,17,3430 - Mowry NB
766.1295240979472,831.1800000000001,HOT Lane,18,3430 - Mowry NB
867.2107343241365,842.14,HOT Lane,14,3430 - Mowry NB
603.2515726043001,922.54,HOT Lane,15,3430 - Mowry NB
701.1916298528936,912.6600000000001,HOT Lane,16,3430 - Mowry NB
742.810127493789,900.6,HOT Lane,17,3430 - Mowry NB
803.8095498953651,805.42,HOT Lane,18,3430 - Mowry NB
829.894252712407,834.8399999999999,HOT Lane,14,3430 - Mowry NB
714.2389981020643,916.0200000000001,HOT Lane,15,3430 - Mowry NB
759.1970046524938,898.86,HOT Lane,16,3430 - Mowry NB
739.4161046850719,887.22,HOT Lane,17,3430 - Mowry NB
795.2317202326628,788.22,HOT Lane,18,3430 - Mowry NB
824.5086550523686,824.4,HOT Lane,14,3430 - Mowry NB
659.8703530982621,910.0,HOT Lane,15,3430 - Mowry NB
768.9188847104479,884.76,HOT Lane,16,3430 - Mowry NB
723.1478430140551,865.04,HOT Lane,17,3430 - Mowry NB
787.7007658464721,776.0400000000001,HOT Lane,18,3430 - Mowry NB
834.9616249796235,813.34,HOT Lane,14,3430 - Mowry NB
738.0964296836057,907.9200000000001,HOT Lane,15,3430 - Mowry NB
698.6878622696796,847.7400000000001,HOT Lane,16,3430 - Mowry NB
670.5553214860588,814.48,HOT Lane,17,3430 - Mowry NB
748.0998820824369,743.9,HOT Lane,18,3430 - Mowry NB
755.2626596576238,806.92,HOT Lane,14,3430 - Mowry NB
710.5395222615643,902.9,HOT Lane,15,3430 - Mowry NB
701.8698286579345,842.4800000000001,HOT Lane,16,3430 - Mowry NB
689.8480798258158,809.28,HOT Lane,17,3430 - Mowry NB
766.414033408551,750.5,HOT Lane,18,3430 - Mowry NB
867.2107343241366,818.3399999999999,HOT Lane,14,3430 - Mowry NB
603.2515726043001,905.3799999999999,HOT Lane,15,3430 - Mowry NB
600.1320652374673,847.0,HOT Lane,16,3430 - Mowry NB
742.8101274937887,816.1,HOT Lane,17,3430 - Mowry NB
803.8095498953651,746.58,HOT Lane,18,3430 - Mowry NB
829.8942527124074,839.26,HOT Lane,14,3430 - Mowry NB
714.2389981020643,932.24,HOT Lane,15,3430 - Mowry NB
654.7914191546679,869.28,HOT Lane,16,3430 - Mowry NB
739.4161046850718,833.72,HOT Lane,17,3430 - Mowry NB
795.2317202326627,748.86,HOT Lane,18,3430 - Mowry NB
824.9601269620471,847.8,HOT Lane,14,3430 - Mowry NB
659.8703530982622,955.4599999999998,HOT Lane,15,3430 - Mowry NB
768.4674128007694,882.3399999999999,HOT Lane,16,3430 - Mowry NB
723.1478430140551,843.0,HOT Lane,17,3430 - Mowry NB
787.7007658464721,753.4200000000001,HOT Lane,18,3430 - Mowry NB
834.9616249796234,852.5200000000001,HOT Lane,14,3430 - Mowry NB
754.0536212177094,949.1600000000001,HOT Lane,15,3430 - Mowry NB
698.2949656800058,890.0600000000001,HOT Lane,16,3430 - Mowry NB
688.7238867289478,846.9,HOT Lane,17,3430 - Mowry NB
755.8228843848165,761.1600000000001,HOT Lane,18,3430 - Mowry NB
755.2626596576234,851.1,HOT Lane,14,3430 - Mowry NB
710.5395222615643,957.2,HOT Lane,15,3430 - Mowry NB
701.8698286579345,893.72,HOT Lane,16,3430 - Mowry NB
689.8480798258161,855.26,HOT Lane,17,3430 - Mowry NB
766.1295240979476,777.74,HOT Lane,18,3430 - Mowry NB
867.2107343241364,863.4200000000001,HOT Lane,14,3430 - Mowry NB
603.2515726043001,967.5200000000001,HOT Lane,15,3430 - Mowry NB
600.1320652374673,896.74,HOT Lane,16,3430 - Mowry NB
742.8101274937886,865.96,HOT Lane,17,3430 - Mowry NB
803.8095498953653,800.0400000000001,HOT Lane,18,3430 - Mowry NB
829.894252712407,855.9799999999999,HOT Lane,14,3430 - Mowry NB
714.2805423730083,963.6200000000001,HOT Lane,15,3430 - Mowry NB
654.6290540854998,907.78,HOT Lane,16,3430 - Mowry NB
739.4161046850718,854.0800000000002,HOT Lane,17,3430 - Mowry NB
795.2317202326628,802.78,HOT Lane,18,3430 - Mowry NB
832.4535816377934,846.64,HOT Lane,14,3430 - Mowry NB
656.1236257603886,959.5600000000001,HOT Lane,15,3430 - Mowry NB
733.6980495458301,900.76,HOT Lane,16,3430 - Mowry NB
723.1478430140554,863.64,HOT Lane,17,3430 - Mowry NB
787.6487586776036,801.3199999999999,HOT Lane,18,3430 - Mowry NB
834.9616249796237,844.8399999999999,HOT Lane,14,3430 - Mowry NB
754.6901118250601,945.4,HOT Lane,15,3430 - Mowry NB
699.3243528770304,921.26,HOT Lane,16,3430 - Mowry NB
670.5553214861264,896.54,HOT Lane,17,3430 - Mowry NB
755.8228843848167,806.9799999999999,HOT Lane,18,3430 - Mowry NB
757.666326531217,844.8799999999999,HOT Lane,14,3430 - Mowry NB
709.3376888247676,944.6200000000001,HOT Lane,15,3430 - Mowry NB
703.7616336906945,921.8399999999999,HOT Lane,16,3430 - Mowry NB
689.8480798258157,895.9800000000001,HOT Lane,17,3430 - Mowry NB
766.4140334085514,805.72,HOT Lane,18,3430 - Mowry NB
867.2107343241364,840.5799999999999,HOT Lane,14,3430 - Mowry NB
603.2515726043001,943.9200000000001,HOT Lane,15,3430 - Mowry NB
600.1320652374673,923.9,HOT Lane,16,3430 - Mowry NB
742.8101274937887,899.1400000000001,HOT Lane,17,3430 - Mowry NB
803.8095498953653,811.6200000000001,HOT Lane,18,3430 - Mowry NB
829.894252712407,836.3,HOT Lane,14,3430 - Mowry NB
714.2805423730081,933.36,HOT Lane,15,3430 - Mowry NB
602.426261336587,923.96,HOT Lane,16,3430 - Mowry NB
739.4161046850717,899.4,HOT Lane,17,3430 - Mowry NB
795.231720232663,807.52,HOT Lane,18,3430 - Mowry NB
843.6937636514141,835.26,HOT Lane,14,3430 - Mowry NB
644.8834437467679,928.6200000000001,HOT Lane,15,3430 - Mowry NB
744.9382315594507,912.74,HOT Lane,16,3430 - Mowry NB
723.1478430140554,906.3399999999999,HOT Lane,17,3430 - Mowry NB
787.6487586776036,803.4,HOT Lane,18,3430 - Mowry NB
834.9616249796236,841.78,HOT Lane,14,3430 - Mowry NB
754.0536212176414,937.24,HOT Lane,15,3430 - Mowry NB
698.294965680006,914.4200000000001,HOT Lane,16,3430 - Mowry NB
670.5553210370081,910.7,HOT Lane,17,3430 - Mowry NB
748.099882082437,797.92,HOT Lane,18,3430 - Mowry NB
757.666326531217,840.1600000000001,HOT Lane,14,3430 - Mowry NB
709.3376888247676,922.5599999999998,HOT Lane,15,3430 - Mowry NB
703.7616336906945,914.78,HOT Lane,16,3430 - Mowry NB
689.8480798258157,899.1200000000001,HOT Lane,17,3430 - Mowry NB
766.4140334085511,779.4399999999999,HOT Lane,18,3430 - Mowry NB
867.2107343241362,802.84,HOT Lane,14,3430 - Mowry NB
603.2515726043,905.0,HOT Lane,15,3430 - Mowry NB
600.1320652374673,931.24,HOT Lane,16,3430 - Mowry NB
742.8101274937909,905.76,HOT Lane,17,3430 - Mowry NB
803.8095498953653,759.8,HOT Lane,18,3430 - Mowry NB
829.8942527124068,805.16,HOT Lane,14,3430 - Mowry NB
714.2805423730082,905.76,HOT Lane,15,3430 - Mowry NB
654.7914191546677,926.96,HOT Lane,16,3430 - Mowry NB
739.4161046850717,923.5,HOT Lane,17,3430 - Mowry NB
795.2317202326632,766.54,HOT Lane,18,3430 - Mowry NB
832.0021097281146,815.8,HOT Lane,14,3430 - Mowry NB
656.1236257603886,910.3399999999999,HOT Lane,15,3430 - Mowry NB
776.4123393861951,940.1,HOT Lane,16,3430 - Mowry NB
723.1478430140555,923.8199999999999,HOT Lane,17,3430 - Mowry NB
787.7007658464722,764.3399999999999,HOT Lane,18,3430 - Mowry NB
834.9616249796235,817.2,HOT Lane,14,3430 - Mowry NB
754.0536212176413,919.9599999999998,HOT Lane,15,3430 - Mowry NB
742.080347931304,955.64,HOT Lane,16,3430 - Mowry NB
670.555321037008,941.0599999999998,HOT Lane,17,3430 - Mowry NB
755.8228843847938,781.64,HOT Lane,18,3430 - Mowry NB
762.1878215015738,815.46,HOT Lane,14,3430 - Mowry NB
713.8591837951242,923.0599999999998,HOT Lane,15,3430 - Mowry NB
704.752992228074,967.6600000000001,HOT Lane,16,3430 - Mowry NB
689.8480798258156,950.0400000000002,HOT Lane,17,3430 - Mowry NB
766.1295240979473,784.6600000000001,HOT Lane,18,3430 - Mowry NB
867.2107343241361,822.72,HOT Lane,14,3430 - Mowry NB
603.2515726043001,927.1,HOT Lane,15,3430 - Mowry NB
751.7214121606091,973.36,HOT Lane,16,3430 - Mowry NB
742.8101274937915,957.18,HOT Lane,17,3430 - Mowry NB
803.8095498953653,776.3,HOT Lane,18,3430 - Mowry NB
829.8942527124068,829.2400000000001,HOT Lane,14,3430 - Mowry NB
714.2805423730082,939.32,HOT Lane,15,3430 - Mowry NB
759.1970046524939,978.3,HOT Lane,16,3430 - Mowry NB
739.4161046850719,959.9800000000001,HOT Lane,17,3430 - Mowry NB
795.2317202326634,796.24,HOT Lane,18,3430 - Mowry NB
832.0021097281145,827.28,HOT Lane,14,3430 - Mowry NB
656.1236257603886,941.14,HOT Lane,15,3430 - Mowry NB
776.4123393861951,986.28,HOT Lane,16,3430 - Mowry NB
728.7713168281291,954.1200000000001,HOT Lane,17,3430 - Mowry NB
787.7007658464724,794.52,HOT Lane,18,3430 - Mowry NB
834.961624979623,830.1200000000001,HOT Lane,14,3430 - Mowry NB
754.0536212176413,951.74,HOT Lane,15,3430 - Mowry NB
742.0803479313038,999.3399999999999,HOT Lane,16,3430 - Mowry NB
670.5553214860583,952.68,HOT Lane,17,3430 - Mowry NB
755.822884384794,791.58,HOT Lane,18,3430 - Mowry NB
778.8989459850675,850.1,HOT Lane,14,3430 - Mowry NB
725.6758969553039,975.64,HOT Lane,15,3430 - Mowry NB
721.6735474861944,1002.6200000000001,HOT Lane,16,3430 - Mowry NB
689.8480798258157,964.9399999999999,HOT Lane,17,3430 - Mowry NB
766.1295240979476,800.52,HOT Lane,18,3430 - Mowry NB
867.210734324136,876.0600000000001,HOT Lane,14,3430 - Mowry NB
603.2515726043001,988.5799999999999,HOT Lane,15,3430 - Mowry NB
751.7214121606092,971.54,HOT Lane,16,3430 - Mowry NB
742.8101274937916,974.72,HOT Lane,17,3430 - Mowry NB
803.8095498953653,807.04,HOT Lane,18,3430 - Mowry NB
829.8942527124066,885.5200000000001,HOT Lane,14,3430 - Mowry NB
714.2805423730082,1001.1,HOT Lane,15,3430 - Mowry NB
785.2984010269504,985.74,HOT Lane,16,3430 - Mowry NB
739.4161046850721,985.1599999999999,HOT Lane,17,3430 - Mowry NB
795.2317202326634,807.6600000000001,HOT Lane,18,3430 - Mowry NB
832.0021097281143,892.1200000000001,HOT Lane,14,3430 - Mowry NB
656.1236257603884,1003.8,HOT Lane,15,3430 - Mowry NB
776.4123393861951,984.9399999999999,HOT Lane,16,3430 - Mowry NB
728.7713168281291,994.2800000000001,HOT Lane,17,3430 - Mowry NB
787.7007658464722,809.46,HOT Lane,18,3430 - Mowry NB
834.961624979623,906.14,HOT Lane,14,3430 - Mowry NB
754.0536212177094,1008.0600000000001,HOT Lane,15,3430 - Mowry NB
742.0803479313038,986.76,HOT Lane,16,3430 - Mowry NB
688.7238867289478,988.2400000000001,HOT Lane,17,3430 - Mowry NB
755.8228843848168,805.4399999999999,HOT Lane,18,3430 - Mowry NB
778.9058642452051,912.5799999999999,HOT Lane,14,3430 - Mowry NB
725.3212878583913,1021.9,HOT Lane,15,3430 - Mowry NB
721.4641167115677,987.6,HOT Lane,16,3430 - Mowry NB
689.8480798258156,992.9400000000002,HOT Lane,17,3430 - Mowry NB
766.1295240979473,814.36,HOT Lane,18,3430 - Mowry NB
867.2107343241358,895.64,HOT Lane,14,3430 - Mowry NB
651.8080934905684,1015.6599999999999,HOT Lane,15,3430 - Mowry NB
751.721412160609,960.7,HOT Lane,16,3430 - Mowry NB
742.8101274937916,973.8,HOT Lane,17,3430 - Mowry NB
803.8095498953653,803.82,HOT Lane,18,3430 - Mowry NB
829.8942527124066,902.6200000000001,HOT Lane,14,3430 - Mowry NB
714.2805423730082,1022.1,HOT Lane,15,3430 - Mowry NB
785.2984010269504,954.46,HOT Lane,16,3430 - Mowry NB
739.4161046850722,984.7599999999999,HOT Lane,17,3430 - Mowry NB
795.2317202326634,807.72,HOT Lane,18,3430 - Mowry NB
824.5086550523671,915.9399999999999,HOT Lane,14,3430 - Mowry NB
659.8703530982621,1026.74,HOT Lane,15,3430 - Mowry NB
768.9188847104479,961.0200000000001,HOT Lane,16,3430 - Mowry NB
728.7713168281291,983.9199999999998,HOT Lane,17,3430 - Mowry NB
787.7007658464722,813.86,HOT Lane,18,3430 - Mowry NB
827.002669809109,916.8799999999999,HOT Lane,14,3430 - Mowry NB
746.0946660471953,1020.6600000000001,HOT Lane,15,3430 - Mowry NB
750.0085132759277,950.18,HOT Lane,16,3430 - Mowry NB
688.723886728948,968.5799999999999,HOT Lane,17,3430 - Mowry NB
755.8228843848168,826.32,HOT Lane,18,3430 - Mowry NB
778.9058642452048,916.74,HOT Lane,14,3430 - Mowry NB
725.3011949187742,1020.8399999999999,HOT Lane,15,3430 - Mowry NB
721.5243955304189,948.0600000000001,HOT Lane,16,3430 - Mowry NB
690.169191517252,975.76,HOT Lane,17,3430 - Mowry NB
766.1295240979475,840.0799999999999,HOT Lane,18,3430 - Mowry NB
867.210734324136,931.6,HOT Lane,14,3430 - Mowry NB
652.1469977418061,1027.9,HOT Lane,15,3430 - Mowry NB
751.0436036581362,964.2,HOT Lane,16,3430 - Mowry NB
742.8101274937916,969.7,HOT Lane,17,3430 - Mowry NB
803.8095498953662,845.32,HOT Lane,18,3430 - Mowry NB
829.8942527124068,932.5600000000001,HOT Lane,14,3430 - Mowry NB
748.9836094352831,1037.98,HOT Lane,15,3430 - Mowry NB
785.2984010269504,958.8,HOT Lane,16,3430 - Mowry NB
739.4161046850722,962.3400000000001,HOT Lane,17,3430 - Mowry NB
795.2317202326635,847.28,HOT Lane,18,3430 - Mowry NB
824.5086550523672,931.4200000000001,HOT Lane,14,3430 - Mowry NB
659.8703530982621,1039.76,HOT Lane,15,3430 - Mowry NB
768.9188847104477,958.3399999999999,HOT Lane,16,3430 - Mowry NB
732.8413884195268,958.54,HOT Lane,17,3430 - Mowry NB
787.7007658464723,848.04,HOT Lane,18,3430 - Mowry NB
827.002669809109,923.5199999999999,HOT Lane,14,3430 - Mowry NB
746.0946660471953,1038.2800000000002,HOT Lane,15,3430 - Mowry NB
758.1220288471438,957.46,HOT Lane,16,3430 - Mowry NB
688.7238876276267,961.7,HOT Lane,17,3430 - Mowry NB
755.8228843845408,847.82,HOT Lane,18,3430 - Mowry NB
779.7810418854793,918.28,HOT Lane,14,3430 - Mowry NB
725.6561740094998,1021.5400000000002,HOT Lane,15,3430 - Mowry NB
722.732473096376,937.96,HOT Lane,16,3430 - Mowry NB
690.1691915172519,951.1,HOT Lane,17,3430 - Mowry NB
766.1295240979478,833.22,HOT Lane,18,3430 - Mowry NB
867.210734324136,917.54,HOT Lane,14,3430 - Mowry NB
701.7896509482466,1014.2,HOT Lane,15,3430 - Mowry NB
751.7214121606088,953.68,HOT Lane,16,3430 - Mowry NB
742.8101274937915,953.96,HOT Lane,17,3430 - Mowry NB
803.8095498953659,836.28,HOT Lane,18,3430 - Mowry NB
819.516496437479,910.9200000000001,HOT Lane,14,3430 - Mowry NB
649.3909072999786,1008.1,HOT Lane,15,3430 - Mowry NB
785.2984010269504,955.28,HOT Lane,16,3430 - Mowry NB
739.4161046850721,953.32,HOT Lane,17,3430 - Mowry NB
795.2317202326632,835.74,HOT Lane,18,3430 - Mowry NB
806.2706391320761,899.9199999999998,HOT Lane,14,3430 - Mowry NB
713.4734213652066,1003.5600000000001,HOT Lane,15,3430 - Mowry NB
743.4906544902069,952.2199999999999,HOT Lane,16,3430 - Mowry NB
723.1478430140552,957.72,HOT Lane,17,3430 - Mowry NB
787.6487586776036,839.14,HOT Lane,18,3430 - Mowry NB
825.4906869303989,899.68,HOT Lane,14,3430 - Mowry NB
747.6066489241696,1004.8399999999999,HOT Lane,15,3430 - Mowry NB
757.9642012179103,950.7,HOT Lane,16,3430 - Mowry NB
688.7238876275696,976.1800000000001,HOT Lane,17,3430 - Mowry NB
755.8228843844837,836.0200000000001,HOT Lane,18,3430 - Mowry NB
779.8066112839042,900.1600000000001,HOT Lane,14,3430 - Mowry NB
725.6306046110753,998.7,HOT Lane,15,3430 - Mowry NB
722.7069036979515,957.8,HOT Lane,16,3430 - Mowry NB
689.8480798258163,967.22,HOT Lane,17,3430 - Mowry NB
766.4140334085519,833.28,HOT Lane,18,3430 - Mowry NB
867.210734324136,887.72,HOT Lane,14,3430 - Mowry NB
653.280023729035,989.5600000000001,HOT Lane,15,3430 - Mowry NB
751.7214121606088,954.26,HOT Lane,16,3430 - Mowry NB
742.8101274937916,957.78,HOT Lane,17,3430 - Mowry NB
803.8095498953661,812.28,HOT Lane,18,3430 - Mowry NB
819.5164964374792,882.9200000000001,HOT Lane,14,3430 - Mowry NB
614.506530258386,977.6,HOT Lane,15,3430 - Mowry NB
785.0813389355706,951.24,HOT Lane,16,3430 - Mowry NB
739.4161046850722,955.5799999999999,HOT Lane,17,3430 - Mowry NB
795.2317202326631,803.9,HOT Lane,18,3430 - Mowry NB
806.2706391320761,887.1200000000001,HOT Lane,14,3430 - Mowry NB
672.3957947045196,980.0799999999999,HOT Lane,15,3430 - Mowry NB
743.4906544902069,954.0200000000001,HOT Lane,16,3430 - Mowry NB
723.1478430140552,965.8799999999999,HOT Lane,17,3430 - Mowry NB
787.6487586776036,807.46,HOT Lane,18,3430 - Mowry NB
825.4906869303987,895.0199999999999,HOT Lane,14,3430 - Mowry NB
747.6066489259055,951.1599999999999,HOT Lane,15,3430 - Mowry NB
757.9642012179104,955.78,HOT Lane,16,3430 - Mowry NB
688.7238876276267,965.18,HOT Lane,17,3430 - Mowry NB
755.8228843845407,806.3199999999999,HOT Lane,18,3430 - Mowry NB
779.8066112839043,913.5799999999999,HOT Lane,14,3430 - Mowry NB
720.4085953906038,959.4,HOT Lane,15,3430 - Mowry NB
721.7191892875475,967.04,HOT Lane,16,3430 - Mowry NB
689.8480798258164,973.9599999999998,HOT Lane,17,3430 - Mowry NB
766.4140334085519,822.24,HOT Lane,18,3430 - Mowry NB
867.2107343241357,910.5600000000001,HOT Lane,14,3430 - Mowry NB
702.1285551994831,968.76,HOT Lane,15,3430 - Mowry NB
751.043603658136,970.1,HOT Lane,16,3430 - Mowry NB
742.8101274937916,984.8800000000001,HOT Lane,17,3430 - Mowry NB
803.8095498953661,827.1,HOT Lane,18,3430 - Mowry NB
819.516496437479,932.18,HOT Lane,14,3430 - Mowry NB
649.3909072999785,967.7199999999999,HOT Lane,15,3430 - Mowry NB
785.0813389355707,969.4,HOT Lane,16,3430 - Mowry NB
739.4161046850722,985.3799999999999,HOT Lane,17,3430 - Mowry NB
795.2317202326631,835.32,HOT Lane,18,3430 - Mowry NB
806.270639132076,939.14,HOT Lane,14,3430 - Mowry NB
713.4734213652065,972.4199999999998,HOT Lane,15,3430 - Mowry NB
743.6466759968129,967.72,HOT Lane,16,3430 - Mowry NB
728.7713168281288,985.8799999999999,HOT Lane,17,3430 - Mowry NB
787.700765846472,823.4200000000001,HOT Lane,18,3430 - Mowry NB
825.4906869303987,941.46,HOT Lane,14,3430 - Mowry NB
747.6066489241696,973.76,HOT Lane,15,3430 - Mowry NB
765.1937002851568,971.0800000000002,HOT Lane,16,3430 - Mowry NB
688.7238871820606,982.9799999999999,HOT Lane,17,3430 - Mowry NB
755.8228843844712,825.4599999999998,HOT Lane,18,3430 - Mowry NB
774.8095468588987,939.2,HOT Lane,14,3430 - Mowry NB
708.9256808942565,976.7400000000001,HOT Lane,15,3430 - Mowry NB
721.8538052227202,972.6400000000001,HOT Lane,16,3430 - Mowry NB
688.7708657618571,994.4,HOT Lane,17,3430 - Mowry NB
766.4140334085515,834.3399999999999,HOT Lane,18,3430 - Mowry NB
867.2107343241356,938.4399999999999,HOT Lane,14,3430 - Mowry NB
702.1285551994831,977.36,HOT Lane,15,3430 - Mowry NB
751.043603658136,970.74,HOT Lane,16,3430 - Mowry NB
742.8101274937919,998.96,HOT Lane,17,3430 - Mowry NB
803.8095498953661,850.26,HOT Lane,18,3430 - Mowry NB
819.5164964374787,944.4799999999999,HOT Lane,14,3430 - Mowry NB
714.2805423730082,981.6400000000001,HOT Lane,15,3430 - Mowry NB
785.0813389355707,971.8800000000001,HOT Lane,16,3430 - Mowry NB
739.4161046850725,1011.3399999999999,HOT Lane,17,3430 - Mowry NB
795.2317202326637,866.0200000000001,HOT Lane,18,3430 - Mowry NB
800.6505481252655,941.3599999999999,HOT Lane,14,3430 - Mowry NB
713.4734213652061,979.6600000000001,HOT Lane,15,3430 - Mowry NB
749.2667670036233,968.28,HOT Lane,16,3430 - Mowry NB
732.841388419527,1006.24,HOT Lane,17,3430 - Mowry NB
787.7007658464722,880.26,HOT Lane,18,3430 - Mowry NB
823.5716774222064,938.64,HOT Lane,14,3430 - Mowry NB
744.8124648308703,1010.46,HOT Lane,15,3430 - Mowry NB
764.3185257000497,966.3799999999999,HOT Lane,16,3430 - Mowry NB
688.7238871820606,1006.1600000000001,HOT Lane,17,3430 - Mowry NB
755.8228843844709,886.8400000000001,HOT Lane,18,3430 - Mowry NB
779.8066112839043,939.1800000000001,HOT Lane,14,3430 - Mowry NB
708.5849083176195,1016.24,HOT Lane,15,3430 - Mowry NB
721.5061143859452,976.64,HOT Lane,16,3430 - Mowry NB
688.7708657618566,1012.28,HOT Lane,17,3430 - Mowry NB
766.4140334085512,876.14,HOT Lane,18,3430 - Mowry NB
867.2107343241356,945.7,HOT Lane,14,3430 - Mowry NB
702.1285551994831,1011.82,HOT Lane,15,3430 - Mowry NB
801.5733859658493,971.0600000000001,HOT Lane,16,3430 - Mowry NB
742.8101274937919,1014.3,HOT Lane,17,3430 - Mowry NB
803.8095498953667,880.96,HOT Lane,18,3430 - Mowry NB
819.5164964374787,931.54,HOT Lane,14,3430 - Mowry NB
713.9404226290394,1018.3400000000001,HOT Lane,15,3430 - Mowry NB
784.7412191916019,981.1,HOT Lane,16,3430 - Mowry NB
739.4161046850725,1012.1600000000001,HOT Lane,17,3430 - Mowry NB
795.2317202326637,871.22,HOT Lane,18,3430 - Mowry NB
800.6505481252655,926.72,HOT Lane,14,3430 - Mowry NB
713.4191724485522,1015.1800000000001,HOT Lane,15,3430 - Mowry NB
749.1634344876398,989.5,HOT Lane,16,3430 - Mowry NB
732.8413884195267,1019.0200000000001,HOT Lane,17,3430 - Mowry NB
787.700765846472,894.14,HOT Lane,18,3430 - Mowry NB
823.5716774222066,926.36,HOT Lane,14,3430 - Mowry NB
727.3432904198613,1015.4399999999999,HOT Lane,15,3430 - Mowry NB
764.3185256998974,992.74,HOT Lane,16,3430 - Mowry NB
670.5553214862109,1031.1200000000001,HOT Lane,17,3430 - Mowry NB
755.8228843843631,902.68,HOT Lane,18,3430 - Mowry NB
779.8135295440422,932.18,HOT Lane,14,3430 - Mowry NB
708.5779900574817,1017.5599999999998,HOT Lane,15,3430 - Mowry NB
721.5061143859451,993.5799999999999,HOT Lane,16,3430 - Mowry NB
676.8918081507899,1033.02,HOT Lane,17,3430 - Mowry NB
766.4140334085512,899.14,HOT Lane,18,3430 - Mowry NB
867.2107343241356,767.2571428571429,HOT Lane,14,3440 - Decoto/84 NB
702.0347678653675,903.0,HOT Lane,15,3440 - Decoto/84 NB
801.5733859658507,914.7571428571428,HOT Lane,16,3440 - Decoto/84 NB
742.8101274937919,932.157142857143,HOT Lane,17,3440 - Decoto/84 NB
803.8095498953667,743.2285714285714,HOT Lane,18,3440 - Decoto/84 NB
819.5164964374788,755.5142857142857,HOT Lane,14,3440 - Decoto/84 NB
748.1348919544594,889.3285714285714,HOT Lane,15,3440 - Decoto/84 NB
783.1459607520234,906.6428571428571,HOT Lane,16,3440 - Decoto/84 NB
739.4161046850724,913.2714285714285,HOT Lane,17,3440 - Decoto/84 NB
795.2317202326635,740.6428571428571,HOT Lane,18,3440 - Decoto/84 NB
787.0509196895609,768.3142857142857,HOT Lane,14,3440 - Decoto/84 NB
720.3203064509776,895.5857142857143,HOT Lane,15,3440 - Decoto/84 NB
738.6092289312194,933.9,HOT Lane,16,3440 - Decoto/84 NB
732.8413884195265,922.742857142857,HOT Lane,17,3440 - Decoto/84 NB
787.700765846472,761.6285714285714,HOT Lane,18,3440 - Decoto/84 NB
789.3815587750918,780.7,HOT Lane,14,3440 - Decoto/84 NB
718.4032677080825,912.0857142857143,HOT Lane,15,3440 - Decoto/84 NB
722.1830023630215,948.0142857142857,HOT Lane,16,3440 - Decoto/84 NB
670.5553214862103,924.0142857142857,HOT Lane,17,3440 - Decoto/84 NB
748.09988208208,762.6285714285714,HOT Lane,18,3440 - Decoto/84 NB
763.4199401497491,786.1285714285715,HOT Lane,14,3440 - Decoto/84 NB
692.2391835870134,911.3571428571429,HOT Lane,15,3440 - Decoto/84 NB
721.578079244407,955.6,HOT Lane,16,3440 - Decoto/84 NB
673.3390542674767,923.4285714285716,HOT Lane,17,3440 - Decoto/84 NB
766.414033408551,765.9,HOT Lane,18,3440 - Decoto/84 NB
867.2107343241358,769.3,HOT Lane,14,3440 - Decoto/84 NB
702.0347678653687,910.6857142857143,HOT Lane,15,3440 - Decoto/84 NB
751.0436036581359,949.3714285714286,HOT Lane,16,3440 - Decoto/84 NB
742.8101274937919,899.5571428571429,HOT Lane,17,3440 - Decoto/84 NB
803.8095498953661,759.9857142857143,HOT Lane,18,3440 - Decoto/84 NB
819.516496437479,781.3428571428572,HOT Lane,14,3440 - Decoto/84 NB
748.1348919544594,925.0428571428571,HOT Lane,15,3440 - Decoto/84 NB
783.145960752023,961.5571428571427,HOT Lane,16,3440 - Decoto/84 NB
739.4161046850724,901.9857142857143,HOT Lane,17,3440 - Decoto/84 NB
795.2317202326635,757.3857142857144,HOT Lane,18,3440 - Decoto/84 NB
787.0509196895609,786.0428571428572,HOT Lane,14,3440 - Decoto/84 NB
720.3203064509777,928.0142857142857,HOT Lane,15,3440 - Decoto/84 NB
738.6092289312194,953.9428571428573,HOT Lane,16,3440 - Decoto/84 NB
732.7264799962834,881.5285714285714,HOT Lane,17,3440 - Decoto/84 NB
787.585857423229,756.657142857143,HOT Lane,18,3440 - Decoto/84 NB
789.3815587750918,789.0714285714286,HOT Lane,14,3440 - Decoto/84 NB
718.403267708076,932.0571428571427,HOT Lane,15,3440 - Decoto/84 NB
722.1830023629374,928.1285714285714,HOT Lane,16,3440 - Decoto/84 NB
670.5553214862109,844.7,HOT Lane,17,3440 - Decoto/84 NB
748.099882082052,727.8571428571429,HOT Lane,18,3440 - Decoto/84 NB
763.0699174019862,799.4714285714285,HOT Lane,14,3440 - Decoto/84 NB
692.4176540909638,931.3,HOT Lane,15,3440 - Decoto/84 NB
721.2349747567819,921.242857142857,HOT Lane,16,3440 - Decoto/84 NB
673.3390542674766,833.3285714285714,HOT Lane,17,3440 - Decoto/84 NB
766.414033408551,729.7857142857143,HOT Lane,18,3440 - Decoto/84 NB
867.2107343241357,807.3571428571429,HOT Lane,14,3440 - Decoto/84 NB
702.0347678653687,930.742857142857,HOT Lane,15,3440 - Decoto/84 NB
751.0436036581359,920.3142857142857,HOT Lane,16,3440 - Decoto/84 NB
742.8101274937919,834.5142857142857,HOT Lane,17,3440 - Decoto/84 NB
803.8095498953669,734.1714285714286,HOT Lane,18,3440 - Decoto/84 NB
814.9884036491851,826.8714285714286,HOT Lane,14,3440 - Decoto/84 NB
743.6067991661655,953.9285714285713,HOT Lane,15,3440 - Decoto/84 NB
778.6178679637292,948.7714285714286,HOT Lane,16,3440 - Decoto/84 NB
739.4161046850722,853.9285714285713,HOT Lane,17,3440 - Decoto/84 NB
795.2317202326633,740.2428571428571,HOT Lane,18,3440 - Decoto/84 NB
787.0509196895607,832.1428571428571,HOT Lane,14,3440 - Decoto/84 NB
720.3203064509776,965.9,HOT Lane,15,3440 - Decoto/84 NB
738.6092289312198,947.7142857142857,HOT Lane,16,3440 - Decoto/84 NB
732.7264799962835,862.7714285714286,HOT Lane,17,3440 - Decoto/84 NB
787.5858574232287,744.7857142857143,HOT Lane,18,3440 - Decoto/84 NB
789.3815587750911,827.257142857143,HOT Lane,14,3440 - Decoto/84 NB
718.403267708076,955.8857142857144,HOT Lane,15,3440 - Decoto/84 NB
729.4125009308692,943.742857142857,HOT Lane,16,3440 - Decoto/84 NB
670.5553214863249,865.6428571428571,HOT Lane,17,3440 - Decoto/84 NB
748.0998820821081,749.8142857142857,HOT Lane,18,3440 - Decoto/84 NB
763.0768356621236,828.5857142857143,HOT Lane,14,3440 - Decoto/84 NB
692.4107358308258,965.3,HOT Lane,15,3440 - Decoto/84 NB
720.7682396399321,943.0428571428571,HOT Lane,16,3440 - Decoto/84 NB
676.8918081507898,872.6428571428572,HOT Lane,17,3440 - Decoto/84 NB
766.1295240979473,772.1,HOT Lane,18,3440 - Decoto/84 NB
867.2107343241356,842.3285714285714,HOT Lane,14,3440 - Decoto/84 NB
702.0347678653674,975.4428571428571,HOT Lane,15,3440 - Decoto/84 NB
800.0852428876702,945.3571428571428,HOT Lane,16,3440 - Decoto/84 NB
742.8101274937919,891.0,HOT Lane,17,3440 - Decoto/84 NB
803.8095498953669,782.3,HOT Lane,18,3440 - Decoto/84 NB
814.9884036491851,836.6142857142856,HOT Lane,14,3440 - Decoto/84 NB
768.2110631531257,968.3714285714286,HOT Lane,15,3440 - Decoto/84 NB
777.8326544636143,949.0142857142857,HOT Lane,16,3440 - Decoto/84 NB
739.416104685072,880.5428571428571,HOT Lane,17,3440 - Decoto/84 NB
795.2317202326637,787.9428571428571,HOT Lane,18,3440 - Decoto/84 NB
785.7457384555819,834.9857142857143,HOT Lane,14,3440 - Decoto/84 NB
721.6254876849566,962.1142857142856,HOT Lane,15,3440 - Decoto/84 NB
738.60922893122,943.2571428571428,HOT Lane,16,3440 - Decoto/84 NB
732.7264799962832,892.0,HOT Lane,17,3440 - Decoto/84 NB
786.9641118361089,791.1571428571427,HOT Lane,18,3440 - Decoto/84 NB
789.3815587750913,831.8571428571428,HOT Lane,14,3440 - Decoto/84 NB
725.455069700088,944.1142857142856,HOT Lane,15,3440 - Decoto/84 NB
729.4125009308094,945.8285714285714,HOT Lane,16,3440 - Decoto/84 NB
670.5553214862101,912.2714285714286,HOT Lane,17,3440 - Decoto/84 NB
748.099882082108,793.5142857142857,HOT Lane,18,3440 - Decoto/84 NB
762.201658021849,829.6857142857143,HOT Lane,14,3440 - Decoto/84 NB
692.4107358308258,942.0142857142857,HOT Lane,15,3440 - Decoto/84 NB
726.2560681012214,946.0428571428572,HOT Lane,16,3440 - Decoto/84 NB
688.7708657618562,915.6142857142859,HOT Lane,17,3440 - Decoto/84 NB
766.1295240979473,793.0,HOT Lane,18,3440 - Decoto/84 NB
850.021284421,826.9714285714286,HOT Lane,14,3440 - Decoto/84 NB
660.7417226933736,949.842857142857,HOT Lane,15,3440 - Decoto/84 NB
782.8957929845341,957.0571428571429,HOT Lane,16,3440 - Decoto/84 NB
742.8101274937918,924.6,HOT Lane,17,3440 - Decoto/84 NB
803.8095498953664,798.242857142857,HOT Lane,18,3440 - Decoto/84 NB
792.3197724752727,834.4,HOT Lane,14,3440 - Decoto/84 NB
745.4605966017548,954.1285714285714,HOT Lane,15,3440 - Decoto/84 NB
755.1613227980521,957.8285714285714,HOT Lane,16,3440 - Decoto/84 NB
739.416104685072,923.4,HOT Lane,17,3440 - Decoto/84 NB
795.2317202326633,790.9142857142857,HOT Lane,18,3440 - Decoto/84 NB
785.7457384555818,835.5142857142857,HOT Lane,14,3440 - Decoto/84 NB
721.6254876849566,956.3999999999999,HOT Lane,15,3440 - Decoto/84 NB
738.60922893122,955.3428571428573,HOT Lane,16,3440 - Decoto/84 NB
728.656408404886,924.9285714285716,HOT Lane,17,3440 - Decoto/84 NB
786.9641118361087,789.5857142857143,HOT Lane,18,3440 - Decoto/84 NB
789.381558775091,841.5285714285716,HOT Lane,14,3440 - Decoto/84 NB
725.4550697000875,969.2714285714285,HOT Lane,15,3440 - Decoto/84 NB
722.1830027741131,957.4714285714286,HOT Lane,16,3440 - Decoto/84 NB
670.5553210370075,931.9428571428573,HOT Lane,17,3440 - Decoto/84 NB
748.099882082051,790.5571428571429,HOT Lane,18,3440 - Decoto/84 NB
762.2016580218486,837.1428571428572,HOT Lane,14,3440 - Decoto/84 NB
692.1017600635763,959.5142857142855,HOT Lane,15,3440 - Decoto/84 NB
720.7682396399321,958.6857142857143,HOT Lane,16,3440 - Decoto/84 NB
676.5706964593521,925.5285714285714,HOT Lane,17,3440 - Decoto/84 NB
766.1295240979471,766.6857142857142,HOT Lane,18,3440 - Decoto/84 NB
850.0212844210001,808.9285714285714,HOT Lane,14,3440 - Decoto/84 NB
684.845317962232,938.8142857142857,HOT Lane,15,3440 - Decoto/84 NB
782.8957929845348,979.0571428571429,HOT Lane,16,3440 - Decoto/84 NB
742.8101274937919,940.757142857143,HOT Lane,17,3440 - Decoto/84 NB
803.8095498953666,748.3857142857144,HOT Lane,18,3440 - Decoto/84 NB
792.3197724752724,808.5142857142857,HOT Lane,14,3440 - Decoto/84 NB
745.4584874296236,951.5142857142857,HOT Lane,15,3440 - Decoto/84 NB
755.159213625921,983.0285714285716,HOT Lane,16,3440 - Decoto/84 NB
739.416104685072,948.1285714285716,HOT Lane,17,3440 - Decoto/84 NB
795.2317202326631,748.1857142857143,HOT Lane,18,3440 - Decoto/84 NB
788.3561009235399,823.8714285714286,HOT Lane,14,3440 - Decoto/84 NB
721.6357117838104,964.6571428571427,HOT Lane,15,3440 - Decoto/84 NB
738.6092289312202,1001.2,HOT Lane,16,3440 - Decoto/84 NB
732.8413884195268,957.6714285714286,HOT Lane,17,3440 - Decoto/84 NB
786.9641118361088,755.3571428571429,HOT Lane,18,3440 - Decoto/84 NB
789.3815587750914,825.657142857143,HOT Lane,14,3440 - Decoto/84 NB
718.4032677080489,975.3571428571428,HOT Lane,15,3440 - Decoto/84 NB
722.183002774113,1018.4571428571429,HOT Lane,16,3440 - Decoto/84 NB
639.7787370015118,974.0857142857143,HOT Lane,17,3440 - Decoto/84 NB
740.3768797796936,773.9428571428572,HOT Lane,18,3440 - Decoto/84 NB
762.2016580218492,826.4,HOT Lane,14,3440 - Decoto/84 NB
692.1017600635763,978.3285714285714,HOT Lane,15,3440 - Decoto/84 NB
720.7682396399321,1031.1714285714284,HOT Lane,16,3440 - Decoto/84 NB
673.0179425760394,979.2285714285714,HOT Lane,17,3440 - Decoto/84 NB
766.1295240979471,777.4,HOT Lane,18,3440 - Decoto/84 NB
850.021284421,839.2,HOT Lane,14,3440 - Decoto/84 NB
684.5064137109965,982.6428571428572,HOT Lane,15,3440 - Decoto/84 NB
782.556888733298,1037.3,HOT Lane,16,3440 - Decoto/84 NB
742.8101274937919,988.8285714285715,HOT Lane,17,3440 - Decoto/84 NB
803.8095498953658,772.8571428571429,HOT Lane,18,3440 - Decoto/84 NB
792.3197724752722,834.5714285714287,HOT Lane,14,3440 - Decoto/84 NB
745.4584874296236,988.0857142857143,HOT Lane,15,3440 - Decoto/84 NB
755.1592136259209,1041.8857142857144,HOT Lane,16,3440 - Decoto/84 NB
739.4161046850717,996.5857142857143,HOT Lane,17,3440 - Decoto/84 NB
792.0304259380072,789.6571428571428,HOT Lane,18,3440 - Decoto/84 NB
787.0509196895612,835.5142857142857,HOT Lane,14,3440 - Decoto/84 NB
720.3305305498316,1000.0142857142857,HOT Lane,15,3440 - Decoto/84 NB
738.6092289312202,1053.6285714285714,HOT Lane,16,3440 - Decoto/84 NB
732.8413884195264,1007.4428571428573,HOT Lane,17,3440 - Decoto/84 NB
786.9641118361088,794.2285714285715,HOT Lane,18,3440 - Decoto/84 NB
763.1766606160761,847.657142857143,HOT Lane,14,3440 - Decoto/84 NB
692.1983695490334,1020.2142857142856,HOT Lane,15,3440 - Decoto/84 NB
700.2958760173815,1076.0,HOT Lane,16,3440 - Decoto/84 NB
621.6101717586915,1020.0714285714287,HOT Lane,17,3440 - Decoto/84 NB
740.3768797796092,801.1571428571428,HOT Lane,18,3440 - Decoto/84 NB
762.201658021849,868.8,HOT Lane,14,3440 - Decoto/84 NB
691.6355572599082,1045.9142857142856,HOT Lane,15,3440 - Decoto/84 NB
720.7682396399318,1087.6,HOT Lane,16,3440 - Decoto/84 NB
675.0111886983655,1030.057142857143,HOT Lane,17,3440 - Decoto/84 NB
764.3854484135761,805.1142857142856,HOT Lane,18,3440 - Decoto/84 NB
850.021284421,888.5857142857143,HOT Lane,14,3440 - Decoto/84 NB
660.9111748189931,1074.4714285714285,HOT Lane,15,3440 - Decoto/84 NB
782.5568887332975,1055.1,HOT Lane,16,3440 - Decoto/84 NB
742.8101274937919,1032.557142857143,HOT Lane,17,3440 - Decoto/84 NB
803.8095498953658,804.2285714285714,HOT Lane,18,3440 - Decoto/84 NB
791.2436261087678,896.5428571428571,HOT Lane,14,3440 - Decoto/84 NB
731.133323681648,1073.8857142857141,HOT Lane,15,3440 - Decoto/84 NB
755.1592136259208,1076.1285714285714,HOT Lane,16,3440 - Decoto/84 NB
739.4161046850718,1061.7285714285713,HOT Lane,17,3440 - Decoto/84 NB
792.0304259380067,811.3571428571429,HOT Lane,18,3440 - Decoto/84 NB
787.0509196895612,894.4142857142857,HOT Lane,14,3440 - Decoto/84 NB
720.3305305498313,1077.9,HOT Lane,15,3440 - Decoto/84 NB
738.60922893122,1066.0714285714287,HOT Lane,16,3440 - Decoto/84 NB
732.8413884195263,1073.3,HOT Lane,17,3440 - Decoto/84 NB
786.9641118361087,807.2714285714285,HOT Lane,18,3440 - Decoto/84 NB
760.9918643871231,913.4428571428571,HOT Lane,14,3440 - Decoto/84 NB
699.2501714950713,1101.1285714285714,HOT Lane,15,3440 - Decoto/84 NB
700.2958760544408,1087.6857142857143,HOT Lane,16,3440 - Decoto/84 NB
639.7787370053104,1087.1285714285714,HOT Lane,17,3440 - Decoto/84 NB
740.3768797796088,801.0857142857143,HOT Lane,18,3440 - Decoto/84 NB
762.201658021849,925.9142857142858,HOT Lane,14,3440 - Decoto/84 NB
691.6355572599084,1116.4571428571428,HOT Lane,15,3440 - Decoto/84 NB
720.7682396399318,1086.8285714285716,HOT Lane,16,3440 - Decoto/84 NB
688.770865761856,1095.8857142857144,HOT Lane,17,3440 - Decoto/84 NB
764.7069775449277,809.2,HOT Lane,18,3440 - Decoto/84 NB
828.0748783113531,899.6000000000001,HOT Lane,14,3440 - Decoto/84 NB
671.8843778738166,1099.6142857142856,HOT Lane,15,3440 - Decoto/84 NB
765.3674388301623,1056.0857142857144,HOT Lane,16,3440 - Decoto/84 NB
742.8101274937918,1068.1857142857143,HOT Lane,17,3440 - Decoto/84 NB
803.8095498953654,789.5857142857142,HOT Lane,18,3440 - Decoto/84 NB
791.2436261087682,906.6857142857143,HOT Lane,14,3440 - Decoto/84 NB
731.133323681648,1105.2857142857142,HOT Lane,15,3440 - Decoto/84 NB
755.159213625921,1053.5000000000002,HOT Lane,16,3440 - Decoto/84 NB
739.4161046850716,1078.2714285714287,HOT Lane,17,3440 - Decoto/84 NB
792.030425938006,793.0142857142857,HOT Lane,18,3440 - Decoto/84 NB
785.7457384555823,920.2285714285715,HOT Lane,14,3440 - Decoto/84 NB
721.6357117838104,1112.9428571428573,HOT Lane,15,3440 - Decoto/84 NB
738.6092289312201,1060.9285714285713,HOT Lane,16,3440 - Decoto/84 NB
728.0968136634112,1066.442857142857,HOT Lane,17,3440 - Decoto/84 NB
782.648023458305,792.8142857142857,HOT Lane,18,3440 - Decoto/84 NB
763.176660570081,913.3142857142857,HOT Lane,14,3440 - Decoto/84 NB
699.2501714950711,1101.2,HOT Lane,15,3440 - Decoto/84 NB
707.5253741370185,1048.4714285714285,HOT Lane,16,3440 - Decoto/84 NB
670.5553214900378,1049.314285714286,HOT Lane,17,3440 - Decoto/84 NB
739.9921821604904,789.6,HOT Lane,18,3440 - Decoto/84 NB
762.4575889422649,913.3285714285714,HOT Lane,14,3440 - Decoto/84 NB
690.5568655120692,1101.0285714285715,HOT Lane,15,3440 - Decoto/84 NB
720.7682396399313,1055.3285714285716,HOT Lane,16,3440 - Decoto/84 NB
689.3657861287872,1061.6714285714286,HOT Lane,17,3440 - Decoto/84 NB
763.5412382774564,805.757142857143,HOT Lane,18,3440 - Decoto/84 NB
828.074878311353,909.657142857143,HOT Lane,14,3440 - Decoto/84 NB
671.8843778738162,1079.857142857143,HOT Lane,15,3440 - Decoto/84 NB
764.2844630398355,1054.557142857143,HOT Lane,16,3440 - Decoto/84 NB
742.8101274937915,1034.7857142857142,HOT Lane,17,3440 - Decoto/84 NB
803.8095498953646,797.5,HOT Lane,18,3440 - Decoto/84 NB
782.0466043699648,911.257142857143,HOT Lane,14,3440 - Decoto/84 NB
728.728441125285,1090.6285714285714,HOT Lane,15,3440 - Decoto/84 NB
745.962191887117,1047.757142857143,HOT Lane,16,3440 - Decoto/84 NB
739.4161046850714,1013.9571428571429,HOT Lane,17,3440 - Decoto/84 NB
792.0304259380057,797.0285714285715,HOT Lane,18,3440 - Decoto/84 NB
779.0062223046599,910.0571428571429,HOT Lane,14,3440 - Decoto/84 NB
720.4381004732196,1086.0142857142857,HOT Lane,15,3440 - Decoto/84 NB
737.3621426897002,1054.6142857142859,HOT Lane,16,3440 - Decoto/84 NB
728.037114633628,990.8142857142857,HOT Lane,17,3440 - Decoto/84 NB
782.5883244285216,792.5285714285715,HOT Lane,18,3440 - Decoto/84 NB
760.9918643871229,891.4285714285713,HOT Lane,14,3440 - Decoto/84 NB
699.2501714950256,1070.357142857143,HOT Lane,15,3440 - Decoto/84 NB
700.2958760543954,1034.257142857143,HOT Lane,16,3440 - Decoto/84 NB
670.5553219391377,974.1428571428571,HOT Lane,17,3440 - Decoto/84 NB
739.9921821604449,787.5857142857143,HOT Lane,18,3440 - Decoto/84 NB
762.2016580218481,894.1142857142856,HOT Lane,14,3440 - Decoto/84 NB
690.6848309722775,1061.8,HOT Lane,15,3440 - Decoto/84 NB
720.7682396399312,1025.514285714286,HOT Lane,16,3440 - Decoto/84 NB
687.9189050377049,969.0714285714287,HOT Lane,17,3440 - Decoto/84 NB
762.5766508834014,779.5142857142857,HOT Lane,18,3440 - Decoto/84 NB
850.0212844210002,898.9571428571429,HOT Lane,14,3440 - Decoto/84 NB
660.9111748189919,1058.6,HOT Lane,15,3440 - Decoto/84 NB
782.5568887332975,1032.057142857143,HOT Lane,16,3440 - Decoto/84 NB
742.8101274937918,964.2,HOT Lane,17,3440 - Decoto/84 NB
803.8095498953649,781.6428571428571,HOT Lane,18,3440 - Decoto/84 NB
791.2436261087682,898.3285714285714,HOT Lane,14,3440 - Decoto/84 NB
731.1333236816479,1056.5714285714284,HOT Lane,15,3440 - Decoto/84 NB
755.1592136259204,1034.0142857142857,HOT Lane,16,3440 - Decoto/84 NB
739.4161046850718,962.2857142857143,HOT Lane,17,3440 - Decoto/84 NB
792.0304259380057,787.0428571428572,HOT Lane,18,3440 - Decoto/84 NB
788.35610092354,890.1857142857143,HOT Lane,14,3440 - Decoto/84 NB
709.3654028204487,1045.9714285714285,HOT Lane,15,3440 - Decoto/84 NB
738.60922893122,1023.6857142857143,HOT Lane,16,3440 - Decoto/84 NB
728.6564084048857,962.5285714285714,HOT Lane,17,3440 - Decoto/84 NB
786.9641118361084,789.6857142857143,HOT Lane,18,3440 - Decoto/84 NB
765.3096358728823,887.8,HOT Lane,14,3440 - Decoto/84 NB
689.4643381721015,1041.6142857142859,HOT Lane,15,3440 - Decoto/84 NB
707.5253742114064,1016.6857142857143,HOT Lane,16,3440 - Decoto/84 NB
670.5553214899925,964.9,HOT Lane,17,3440 - Decoto/84 NB
739.9921821604223,787.2285714285714,HOT Lane,18,3440 - Decoto/84 NB
762.8262628283155,888.5142857142857,HOT Lane,14,3440 - Decoto/84 NB
690.385313268257,1042.6428571428573,HOT Lane,15,3440 - Decoto/84 NB
716.1137513126544,1022.6428571428572,HOT Lane,16,3440 - Decoto/84 NB
689.8480798258151,964.3285714285714,HOT Lane,17,3440 - Decoto/84 NB
764.7069775449279,791.2285714285714,HOT Lane,18,3440 - Decoto/84 NB
850.0212844210004,891.6,HOT Lane,14,3440 - Decoto/84 NB
660.9111748189903,1047.9142857142856,HOT Lane,15,3440 - Decoto/84 NB
782.5568887332973,1032.3428571428572,HOT Lane,16,3440 - Decoto/84 NB
742.8101274937916,967.2285714285714,HOT Lane,17,3440 - Decoto/84 NB
803.8095498953644,784.3142857142858,HOT Lane,18,3440 - Decoto/84 NB
791.2436261087687,888.257142857143,HOT Lane,14,3440 - Decoto/84 NB
694.4450119320101,1037.957142857143,HOT Lane,15,3440 - Decoto/84 NB
755.1592136259204,1019.6,HOT Lane,16,3440 - Decoto/84 NB
739.4161046850716,970.5857142857143,HOT Lane,17,3440 - Decoto/84 NB
792.0304259380054,777.3428571428572,HOT Lane,18,3440 - Decoto/84 NB
790.0963425688451,891.7857142857143,HOT Lane,14,3440 - Decoto/84 NB
663.6709279992349,1044.1285714285714,HOT Lane,15,3440 - Decoto/84 NB
738.6092289312196,1026.1571428571428,HOT Lane,16,3440 - Decoto/84 NB
722.3584314260943,987.9142857142857,HOT Lane,17,3440 - Decoto/84 NB
786.2896086713906,780.8857142857144,HOT Lane,18,3440 - Decoto/84 NB
765.3096358728826,907.6857142857143,HOT Lane,14,3440 - Decoto/84 NB
689.4643381721013,1020.6,HOT Lane,15,3440 - Decoto/84 NB
707.5253742114062,1039.6,HOT Lane,16,3440 - Decoto/84 NB
670.5553214901065,994.4142857142857,HOT Lane,17,3440 - Decoto/84 NB
738.0686940648307,782.8714285714286,HOT Lane,18,3440 - Decoto/84 NB
762.8262628283153,911.7,HOT Lane,14,3440 - Decoto/84 NB
679.9011089480798,1030.1571428571428,HOT Lane,15,3440 - Decoto/84 NB
716.1137513126542,1053.6571428571428,HOT Lane,16,3440 - Decoto/84 NB
689.8480798258151,1002.8285714285714,HOT Lane,17,3440 - Decoto/84 NB
764.7069775449278,808.9142857142858,HOT Lane,18,3440 - Decoto/84 NB
832.831834517865,907.9,HOT Lane,14,3440 - Decoto/84 NB
669.5058997705564,1040.7428571428572,HOT Lane,15,3440 - Decoto/84 NB
764.2844630398338,1065.7857142857142,HOT Lane,16,3440 - Decoto/84 NB
742.810127493791,1019.2,HOT Lane,17,3440 - Decoto/84 NB
803.8095498953638,809.5142857142857,HOT Lane,18,3440 - Decoto/84 NB
791.1027899465535,921.9571428571429,HOT Lane,14,3440 - Decoto/84 NB
694.3041757697943,1039.1857142857143,HOT Lane,15,3440 - Decoto/84 NB
755.0183774637046,1072.8142857142857,HOT Lane,16,3440 - Decoto/84 NB
739.4161046850716,1024.6714285714286,HOT Lane,17,3440 - Decoto/84 NB
792.0304259380054,818.0000000000001,HOT Lane,18,3440 - Decoto/84 NB
788.3561009235402,920.4,HOT Lane,14,3440 - Decoto/84 NB
709.3654028204488,1034.8714285714286,HOT Lane,15,3440 - Decoto/84 NB
738.6092289312197,1067.2285714285713,HOT Lane,16,3440 - Decoto/84 NB
722.3584314260943,1021.2714285714286,HOT Lane,17,3440 - Decoto/84 NB
786.2896086713904,804.2,HOT Lane,18,3440 - Decoto/84 NB
765.309635798427,930.8714285714286,HOT Lane,14,3440 - Decoto/84 NB
696.516140988467,1040.6142857142856,HOT Lane,15,3440 - Decoto/84 NB
700.2958760544404,1079.0857142857144,HOT Lane,16,3440 - Decoto/84 NB
670.5553214901519,1034.4571428571428,HOT Lane,17,3440 - Decoto/84 NB
738.0686940648985,803.9571428571429,HOT Lane,18,3440 - Decoto/84 NB
762.9134363955241,929.757142857143,HOT Lane,14,3440 - Decoto/84 NB
690.3380823576774,1033.3428571428572,HOT Lane,15,3440 - Decoto/84 NB
701.1065807859098,1060.8857142857144,HOT Lane,16,3440 - Decoto/84 NB
689.8480798258151,1026.5,HOT Lane,17,3440 - Decoto/84 NB
764.7069775449277,813.6142857142859,HOT Lane,18,3440 - Decoto/84 NB
850.0212844210007,926.3142857142857,HOT Lane,14,3440 - Decoto/84 NB
660.7417226933707,1029.5857142857142,HOT Lane,15,3440 - Decoto/84 NB
732.3660106768187,1059.7714285714285,HOT Lane,16,3440 - Decoto/84 NB
742.8101274937908,1028.7428571428572,HOT Lane,17,3440 - Decoto/84 NB
803.8095498953638,827.4142857142858,HOT Lane,18,3440 - Decoto/84 NB
791.2436261087696,931.0285714285714,HOT Lane,14,3440 - Decoto/84 NB
503.9827545577171,1032.8857142857141,HOT Lane,15,3440 - Decoto/84 NB
755.1592136259201,1062.8857142857144,HOT Lane,16,3440 - Decoto/84 NB
739.4161046850718,1034.8285714285714,HOT Lane,17,3440 - Decoto/84 NB
792.0304259380049,839.2714285714286,HOT Lane,18,3440 - Decoto/84 NB
792.7067050368031,930.2142857142857,HOT Lane,14,3440 - Decoto/84 NB
652.807540487985,1030.2571428571428,HOT Lane,15,3440 - Decoto/84 NB
738.6092289312194,1054.1571428571428,HOT Lane,16,3440 - Decoto/84 NB
728.0968136634112,1026.857142857143,HOT Lane,17,3440 - Decoto/84 NB
786.2896086713902,848.2,HOT Lane,18,3440 - Decoto/84 NB
760.9918644331187,923.4714285714286,HOT Lane,14,3440 - Decoto/84 NB
692.1983695490395,1064.7571428571428,HOT Lane,15,3440 - Decoto/84 NB
700.295876017381,1038.5285714285715,HOT Lane,16,3440 - Decoto/84 NB
688.7238871820041,1020.0571428571427,HOT Lane,17,3440 - Decoto/84 NB
738.0686940648984,849.6285714285716,HOT Lane,18,3440 - Decoto/84 NB
758.2600725030331,927.6285714285714,HOT Lane,14,3440 - Decoto/84 NB
686.1518805267494,1069.9285714285713,HOT Lane,15,3440 - Decoto/84 NB
686.6844794677818,1048.9857142857143,HOT Lane,16,3440 - Decoto/84 NB
676.5706964593533,1032.357142857143,HOT Lane,17,3440 - Decoto/84 NB
764.7069775449271,851.0428571428572,HOT Lane,18,3440 - Decoto/84 NB
850.0212844210005,926.1,HOT Lane,14,3440 - Decoto/84 NB
660.7417226933707,1051.685714285714,HOT Lane,15,3440 - Decoto/84 NB
692.6233383635911,1034.2857142857142,HOT Lane,16,3440 - Decoto/84 NB
742.8101274937906,1023.0428571428571,HOT Lane,17,3440 - Decoto/84 NB
803.8095498953636,856.1285714285716,HOT Lane,18,3440 - Decoto/84 NB
792.3197724752745,912.757142857143,HOT Lane,14,3440 - Decoto/84 NB
503.44468137446455,1053.0,HOT Lane,15,3440 - Decoto/84 NB
755.1592136259198,1034.7142857142858,HOT Lane,16,3440 - Decoto/84 NB
739.4161046850714,1014.1428571428571,HOT Lane,17,3440 - Decoto/84 NB
792.0304259380048,842.6,HOT Lane,18,3440 - Decoto/84 NB
794.4469466821082,911.5714285714287,HOT Lane,14,3440 - Decoto/84 NB
646.4313419743421,1055.3142857142855,HOT Lane,15,3440 - Decoto/84 NB
738.6092289312195,1038.7,HOT Lane,16,3440 - Decoto/84 NB
722.3584314260943,1022.4285714285713,HOT Lane,17,3440 - Decoto/84 NB
786.2896086713902,861.8285714285714,HOT Lane,18,3440 - Decoto/84 NB
760.9918644331187,901.5857142857143,HOT Lane,14,3440 - Decoto/84 NB
692.1983695490329,1048.485714285714,HOT Lane,15,3440 - Decoto/84 NB
700.295876017381,1038.3857142857144,HOT Lane,16,3440 - Decoto/84 NB
670.5553214901519,1024.2428571428572,HOT Lane,17,3440 - Decoto/84 NB
738.0686940648981,877.5571428571429,HOT Lane,18,3440 - Decoto/84 NB
758.2600725030331,904.1142857142856,HOT Lane,14,3440 - Decoto/84 NB
686.1518805267494,1053.542857142857,HOT Lane,15,3440 - Decoto/84 NB
686.6844794677818,1041.6571428571428,HOT Lane,16,3440 - Decoto/84 NB
674.6415216712421,1031.042857142857,HOT Lane,17,3440 - Decoto/84 NB
763.4208610195201,866.0,HOT Lane,18,3440 - Decoto/84 NB
850.0212844210007,1249.8600000000001,HOT Lane,14,3450 - Whipple NB
612.1852018071023,1304.04,HOT Lane,15,3450 - Whipple NB
692.6233383635907,1350.04,HOT Lane,16,3450 - Whipple NB
742.8101274937897,1329.7800000000002,HOT Lane,17,3450 - Whipple NB
803.8095498953635,1135.76,HOT Lane,18,3450 - Whipple NB
792.3197724752745,1243.98,HOT Lane,14,3450 - Whipple NB
503.44468137446466,1293.2,HOT Lane,15,3450 - Whipple NB
755.15921362592,1337.24,HOT Lane,16,3450 - Whipple NB
739.4161046850716,1312.52,HOT Lane,17,3450 - Whipple NB
792.0304259380051,1130.42,HOT Lane,18,3450 - Whipple NB
794.4469466821081,1249.3,HOT Lane,14,3450 - Whipple NB
651.9323076159056,1284.8600000000001,HOT Lane,15,3450 - Whipple NB
738.6092289312196,1345.58,HOT Lane,16,3450 - Whipple NB
718.79050036455,1328.04,HOT Lane,17,3450 - Whipple NB
786.964111836108,1146.4,HOT Lane,18,3450 - Whipple NB
787.1967629698534,1257.94,HOT Lane,14,3450 - Whipple NB
718.4032673203458,1288.0,HOT Lane,15,3450 - Whipple NB
722.1830024031257,1350.5,HOT Lane,16,3450 - Whipple NB
670.5553214864095,1327.2600000000002,HOT Lane,17,3450 - Whipple NB
739.9921817827702,1151.9,HOT Lane,18,3450 - Whipple NB
758.6031769906585,1255.02,HOT Lane,14,3450 - Whipple NB
685.9766841559615,1292.1399999999999,HOT Lane,15,3450 - Whipple NB
687.0385163363334,1358.3799999999999,HOT Lane,16,3450 - Whipple NB
675.1723707039572,1318.14,HOT Lane,17,3450 - Whipple NB
766.1295240979456,1158.94,HOT Lane,18,3450 - Whipple NB
850.0212844210008,1257.6200000000001,HOT Lane,14,3450 - Whipple NB
612.1852018071023,1303.1799999999998,HOT Lane,15,3450 - Whipple NB
692.6233383635894,1351.8799999999999,HOT Lane,16,3450 - Whipple NB
742.8101274937882,1259.0,HOT Lane,17,3450 - Whipple NB
803.8095498953635,1157.26,HOT Lane,18,3450 - Whipple NB
791.2436261087696,1262.4,HOT Lane,14,3450 - Whipple NB
610.9884481460849,1309.1599999999999,HOT Lane,15,3450 - Whipple NB
755.1592136259198,1353.6,HOT Lane,16,3450 - Whipple NB
739.4161046850712,1257.02,HOT Lane,17,3450 - Whipple NB
792.0304259380049,1148.06,HOT Lane,18,3450 - Whipple NB
794.4469466821082,1262.8600000000001,HOT Lane,14,3450 - Whipple NB
651.9323076159056,1313.7,HOT Lane,15,3450 - Whipple NB
738.6092289312195,1345.6599999999999,HOT Lane,16,3450 - Whipple NB
658.2797076126201,1241.08,HOT Lane,17,3450 - Whipple NB
786.2896086713899,1139.46,HOT Lane,18,3450 - Whipple NB
787.1967629698534,1269.8799999999999,HOT Lane,14,3450 - Whipple NB
718.403267337111,1321.46,HOT Lane,15,3450 - Whipple NB
722.1830024030563,1323.6799999999998,HOT Lane,16,3450 - Whipple NB
670.5553214864104,1208.7,HOT Lane,17,3450 - Whipple NB
739.9921817828331,1121.06,HOT Lane,18,3450 - Whipple NB
758.6031769906585,1274.18,HOT Lane,14,3450 - Whipple NB
685.980328282937,1338.76,HOT Lane,15,3450 - Whipple NB
687.0275839554071,1335.66,HOT Lane,16,3450 - Whipple NB
673.0179425760394,1211.48,HOT Lane,17,3450 - Whipple NB
766.1295240979459,1121.7400000000002,HOT Lane,18,3450 - Whipple NB
850.0212844210002,1282.74,HOT Lane,14,3450 - Whipple NB
612.1852018071022,1345.2400000000002,HOT Lane,15,3450 - Whipple NB
642.0935560558746,1340.34,HOT Lane,16,3450 - Whipple NB
742.8101274937883,1214.28,HOT Lane,17,3450 - Whipple NB
803.8095498953634,1120.44,HOT Lane,18,3450 - Whipple NB
791.2436261087696,1294.3799999999999,HOT Lane,14,3450 - Whipple NB
610.988448146085,1361.0,HOT Lane,15,3450 - Whipple NB
755.1592136259198,1360.48,HOT Lane,16,3450 - Whipple NB
739.4161046850711,1221.56,HOT Lane,17,3450 - Whipple NB
792.030425938005,1108.74,HOT Lane,18,3450 - Whipple NB
795.7521279160871,1296.88,HOT Lane,14,3450 - Whipple NB
645.1261607403634,1383.98,HOT Lane,15,3450 - Whipple NB
738.6092289312195,1363.34,HOT Lane,16,3450 - Whipple NB
658.2797076126201,1220.92,HOT Lane,17,3450 - Whipple NB
786.2896086713899,1107.3200000000002,HOT Lane,18,3450 - Whipple NB
787.1967630069128,1289.12,HOT Lane,14,3450 - Whipple NB
711.3514644966881,1379.7,HOT Lane,15,3450 - Whipple NB
714.9535037524663,1360.8200000000002,HOT Lane,16,3450 - Whipple NB
670.5553214861249,1224.62,HOT Lane,17,3450 - Whipple NB
740.3768794016406,1113.1399999999999,HOT Lane,18,3450 - Whipple NB
758.6031769906587,1289.06,HOT Lane,14,3450 - Whipple NB
685.9803282829369,1385.7199999999998,HOT Lane,15,3450 - Whipple NB
684.7403085969564,1345.3600000000001,HOT Lane,16,3450 - Whipple NB
636.3726073389971,1211.18,HOT Lane,17,3450 - Whipple NB
766.4140334085496,1132.6,HOT Lane,18,3450 - Whipple NB
850.021284421001,1298.36,HOT Lane,14,3450 - Whipple NB
660.911174818989,1391.16,HOT Lane,15,3450 - Whipple NB
526.3645539611423,1351.44,HOT Lane,16,3450 - Whipple NB
742.8101274937864,1275.6599999999999,HOT Lane,17,3450 - Whipple NB
803.8095498953635,1138.56,HOT Lane,18,3450 - Whipple NB
804.8279044736511,1284.9,HOT Lane,14,3450 - Whipple NB
604.1963089636442,1389.9599999999998,HOT Lane,15,3450 - Whipple NB
768.7461924824512,1352.7,HOT Lane,16,3450 - Whipple NB
739.4161046850708,1266.1399999999999,HOT Lane,17,3450 - Whipple NB
792.0304259380049,1149.7,HOT Lane,18,3450 - Whipple NB
795.7521279160874,1284.78,HOT Lane,14,3450 - Whipple NB
600.2966946923761,1388.8600000000001,HOT Lane,15,3450 - Whipple NB
738.6092289312191,1352.3200000000002,HOT Lane,16,3450 - Whipple NB
603.747587522997,1279.6399999999999,HOT Lane,17,3450 - Whipple NB
786.2896086713899,1150.8600000000001,HOT Lane,18,3450 - Whipple NB
787.196763043972,1288.68,HOT Lane,14,3450 - Whipple NB
711.3514648541023,1382.8600000000001,HOT Lane,15,3450 - Whipple NB
697.7508481934133,1367.16,HOT Lane,16,3450 - Whipple NB
670.5553210370075,1303.98,HOT Lane,17,3450 - Whipple NB
740.3768794015898,1161.76,HOT Lane,18,3450 - Whipple NB
758.6031769906588,1296.56,HOT Lane,14,3450 - Whipple NB
686.9310545705671,1383.92,HOT Lane,15,3450 - Whipple NB
676.7400341453426,1370.7199999999998,HOT Lane,16,3450 - Whipple NB
603.1912610881351,1312.06,HOT Lane,17,3450 - Whipple NB
766.4140334085496,1168.8,HOT Lane,18,3450 - Whipple NB
867.210734324136,1292.6,HOT Lane,14,3450 - Whipple NB
652.3164498674223,1379.62,HOT Lane,15,3450 - Whipple NB
415.9993243733648,1370.0400000000002,HOT Lane,16,3450 - Whipple NB
679.5706569879792,1312.52,HOT Lane,17,3450 - Whipple NB
803.8095498953631,1175.66,HOT Lane,18,3450 - Whipple NB
814.960236416744,1298.38,HOT Lane,14,3450 - Whipple NB
599.1301429920981,1376.1,HOT Lane,15,3450 - Whipple NB
777.8023780590387,1375.04,HOT Lane,16,3450 - Whipple NB
739.4161046850706,1324.2199999999998,HOT Lane,17,3450 - Whipple NB
792.030425938005,1189.6,HOT Lane,18,3450 - Whipple NB
803.8392761977032,1302.56,HOT Lane,14,3450 - Whipple NB
447.32207960155773,1377.02,HOT Lane,15,3450 - Whipple NB
746.6963772128349,1377.1,HOT Lane,16,3450 - Whipple NB
603.747587522997,1329.7,HOT Lane,17,3450 - Whipple NB
786.2896086713895,1194.42,HOT Lane,18,3450 - Whipple NB
798.7969027470057,1308.84,HOT Lane,14,3450 - Whipple NB
722.9516034105638,1387.6,HOT Lane,15,3450 - Whipple NB
713.6687585427009,1378.88,HOT Lane,16,3450 - Whipple NB
652.3867557941871,1328.8200000000002,HOT Lane,17,3450 - Whipple NB
740.3768786461512,1205.28,HOT Lane,18,3450 - Whipple NB
800.7206514552611,1311.58,HOT Lane,14,3450 - Whipple NB
685.9803282829369,1389.52,HOT Lane,15,3450 - Whipple NB
676.4177735552075,1393.02,HOT Lane,16,3450 - Whipple NB
603.1912610881349,1351.8,HOT Lane,17,3450 - Whipple NB
720.2193208639462,1198.7,HOT Lane,18,3450 - Whipple NB
867.2107343241363,1297.2599999999998,HOT Lane,14,3450 - Whipple NB
652.3164498674223,1380.96,HOT Lane,15,3450 - Whipple NB
517.7698290095742,1412.88,HOT Lane,16,3450 - Whipple NB
679.5706569879792,1355.9,HOT Lane,17,3450 - Whipple NB
803.8095498953633,1189.56,HOT Lane,18,3450 - Whipple NB
814.9602364167441,1305.7,HOT Lane,14,3450 - Whipple NB
574.0787382463045,1371.58,HOT Lane,15,3450 - Whipple NB
777.8044872311698,1418.16,HOT Lane,16,3450 - Whipple NB
653.2898285394723,1357.5400000000002,HOT Lane,17,3450 - Whipple NB
792.030425938005,1177.04,HOT Lane,18,3450 - Whipple NB
806.3063334725084,1318.98,HOT Lane,14,3450 - Whipple NB
448.60174966462614,1377.76,HOT Lane,15,3450 - Whipple NB
749.1634344876405,1422.54,HOT Lane,16,3450 - Whipple NB
603.7475875229969,1346.18,HOT Lane,17,3450 - Whipple NB
786.289608671389,1193.06,HOT Lane,18,3450 - Whipple NB
798.796902747006,1312.48,HOT Lane,14,3450 - Whipple NB
722.9516034105472,1362.94,HOT Lane,15,3450 - Whipple NB
713.6687585344414,1417.16,HOT Lane,16,3450 - Whipple NB
603.4416065158707,1338.9,HOT Lane,17,3450 - Whipple NB
740.3768785417446,1190.8600000000001,HOT Lane,18,3450 - Whipple NB
830.0825159228779,1309.84,HOT Lane,14,3450 - Whipple NB
671.1641296503506,1360.58,HOT Lane,15,3450 - Whipple NB
668.9046484755465,1421.76,HOT Lane,16,3450 - Whipple NB
603.191261088135,1341.7,HOT Lane,17,3450 - Whipple NB
205.1049539019192,1189.58,HOT Lane,18,3450 - Whipple NB
867.2107343241346,1312.3,HOT Lane,14,3450 - Whipple NB
652.3164498674225,1354.48,HOT Lane,15,3450 - Whipple NB
517.7698290095742,1400.2,HOT Lane,16,3450 - Whipple NB
679.5706569879792,1332.06,HOT Lane,17,3450 - Whipple NB
803.8095498953631,1171.3,HOT Lane,18,3450 - Whipple NB
814.9602364167441,1306.7,HOT Lane,14,3450 - Whipple NB
498.91819649253046,1361.96,HOT Lane,15,3450 - Whipple NB
777.8044872311698,1396.82,HOT Lane,16,3450 - Whipple NB
653.2898285394722,1328.5,HOT Lane,17,3450 - Whipple NB
792.030425938005,1170.3,HOT Lane,18,3450 - Whipple NB
806.3063334725084,1305.2800000000002,HOT Lane,14,3450 - Whipple NB
448.60174966462614,1361.64,HOT Lane,15,3450 - Whipple NB
749.1634344876401,1390.38,HOT Lane,16,3450 - Whipple NB
500.7330219411251,1328.9,HOT Lane,17,3450 - Whipple NB
786.289608671389,1171.76,HOT Lane,18,3450 - Whipple NB
798.796902747006,1307.2,HOT Lane,14,3450 - Whipple NB
722.951603427387,1359.14,HOT Lane,15,3450 - Whipple NB
669.7242536313059,1396.96,HOT Lane,16,3450 - Whipple NB
572.6650224803748,1337.3,HOT Lane,17,3450 - Whipple NB
740.3768785417444,1170.7800000000002,HOT Lane,18,3450 - Whipple NB
830.0825159228784,1319.3,HOT Lane,14,3450 - Whipple NB
671.2073158450336,1362.58,HOT Lane,15,3450 - Whipple NB
668.1697733058136,1401.6200000000001,HOT Lane,16,3450 - Whipple NB
603.1912610881354,1345.3799999999999,HOT Lane,17,3450 - Whipple NB
190.19430025333116,1155.7400000000002,HOT Lane,18,3450 - Whipple NB
867.2107343241349,1321.24,HOT Lane,14,3450 - Whipple NB
750.421836626018,1372.98,HOT Lane,15,3450 - Whipple NB
517.7698290095749,1384.56,HOT Lane,16,3450 - Whipple NB
679.5706569879792,1344.2800000000002,HOT Lane,17,3450 - Whipple NB
803.8095498953636,1149.6200000000001,HOT Lane,18,3450 - Whipple NB
814.9884036491871,1327.6799999999998,HOT Lane,14,3450 - Whipple NB
498.94636372497376,1381.04,HOT Lane,15,3450 - Whipple NB
778.6125950334008,1388.54,HOT Lane,16,3450 - Whipple NB
653.2898285394722,1363.2199999999998,HOT Lane,17,3450 - Whipple NB
792.0304259380052,1160.7800000000002,HOT Lane,18,3450 - Whipple NB
811.9264244793189,1321.34,HOT Lane,14,3450 - Whipple NB
437.93886056237227,1379.5,HOT Lane,15,3450 - Whipple NB
743.3873219742234,1376.4,HOT Lane,16,3450 - Whipple NB
380.7448511085439,1377.2199999999998,HOT Lane,17,3450 - Whipple NB
786.2376015025204,1154.02,HOT Lane,18,3450 - Whipple NB
821.0223236518136,1331.3799999999999,HOT Lane,14,3450 - Whipple NB
545.7993906079166,1402.6799999999998,HOT Lane,15,3450 - Whipple NB
577.538569600198,1392.1799999999998,HOT Lane,16,3450 - Whipple NB
506.67753074166365,1395.2,HOT Lane,17,3450 - Whipple NB
740.3768781640027,1167.56,HOT Lane,18,3450 - Whipple NB
914.8570020306158,1332.7,HOT Lane,14,3450 - Whipple NB
755.9386157580893,1403.42,HOT Lane,15,3450 - Whipple NB
752.9442594135502,1385.3600000000001,HOT Lane,16,3450 - Whipple NB
193.32316766432956,1397.3600000000001,HOT Lane,17,3450 - Whipple NB
147.80705719946198,1177.1399999999999,HOT Lane,18,3450 - Whipple NB
850.0212844209997,1314.3,HOT Lane,14,3450 - Whipple NB
733.2323867228831,1391.2,HOT Lane,15,3450 - Whipple NB
526.3645539611425,1375.06,HOT Lane,16,3450 - Whipple NB
679.5706569879778,1390.44,HOT Lane,17,3450 - Whipple NB
803.8095498953634,1164.06,HOT Lane,18,3450 - Whipple NB
814.9884036491871,1320.0,HOT Lane,14,3450 - Whipple NB
599.0756531071967,1389.28,HOT Lane,15,3450 - Whipple NB
778.6125950334006,1374.3,HOT Lane,16,3450 - Whipple NB
567.1635523938738,1397.64,HOT Lane,17,3450 - Whipple NB
792.030425938005,1171.3600000000001,HOT Lane,18,3450 - Whipple NB
825.0399701618768,1329.9199999999998,HOT Lane,14,3450 - Whipple NB
437.9388605623723,1393.6200000000001,HOT Lane,15,3450 - Whipple NB
734.0205036295393,1382.62,HOT Lane,16,3450 - Whipple NB
326.6811474850536,1391.52,HOT Lane,17,3450 - Whipple NB
782.1646704617641,1173.02,HOT Lane,18,3450 - Whipple NB
821.0223236518136,1321.56,HOT Lane,14,3450 - Whipple NB
545.9585132597542,1396.78,HOT Lane,15,3450 - Whipple NB
301.668672193454,1374.5,HOT Lane,16,3450 - Whipple NB
315.4018247580977,1374.98,HOT Lane,17,3450 - Whipple NB
740.3768780592798,1166.1399999999999,HOT Lane,18,3450 - Whipple NB
914.8570020306161,1317.1,HOT Lane,14,3450 - Whipple NB
755.9386157580894,1390.88,HOT Lane,15,3450 - Whipple NB
757.5667472721269,1375.52,HOT Lane,16,3450 - Whipple NB
125.77993717538293,1377.76,HOT Lane,17,3450 - Whipple NB
139.86695350269463,1182.12,HOT Lane,18,3450 - Whipple NB
845.2643282144882,1312.0800000000002,HOT Lane,14,3450 - Whipple NB
728.4754305163715,1378.28,HOT Lane,15,3450 - Whipple NB
526.3645539611425,1366.1399999999999,HOT Lane,16,3450 - Whipple NB
742.8101274937862,1352.74,HOT Lane,17,3450 - Whipple NB
803.8095498953633,1167.66,HOT Lane,18,3450 - Whipple NB
814.9884036491871,1306.56,HOT Lane,14,3450 - Whipple NB
598.8213542387692,1384.8600000000001,HOT Lane,15,3450 - Whipple NB
780.2078534729799,1364.26,HOT Lane,16,3450 - Whipple NB
567.1635523938738,1341.1,HOT Lane,17,3450 - Whipple NB
792.030425938005,1168.6,HOT Lane,18,3450 - Whipple NB
817.5465154861296,1302.7199999999998,HOT Lane,14,3450 - Whipple NB
437.9388605623723,1378.2199999999998,HOT Lane,15,3450 - Whipple NB
749.1107454970177,1373.26,HOT Lane,16,3450 - Whipple NB
326.6811474850541,1327.5800000000002,HOT Lane,17,3450 - Whipple NB
786.2376015025203,1154.3,HOT Lane,18,3450 - Whipple NB
821.0223236518136,1285.1,HOT Lane,14,3450 - Whipple NB
545.9585132597542,1375.5400000000002,HOT Lane,15,3450 - Whipple NB
621.0057065478204,1372.84,HOT Lane,16,3450 - Whipple NB
315.4018247581012,1316.7400000000002,HOT Lane,17,3450 - Whipple NB
740.3768781640028,1137.4,HOT Lane,18,3450 - Whipple NB
914.857002030616,1287.5400000000002,HOT Lane,14,3450 - Whipple NB
755.9386157580893,1368.1799999999998,HOT Lane,15,3450 - Whipple NB
756.8318721023945,1368.6,HOT Lane,16,3450 - Whipple NB
125.77993717538295,1313.6799999999998,HOT Lane,17,3450 - Whipple NB
139.8669535026939,1122.56,HOT Lane,18,3450 - Whipple NB
845.2643282144884,1287.8,HOT Lane,14,3450 - Whipple NB
728.4754305163717,1382.3799999999999,HOT Lane,15,3450 - Whipple NB
526.3645539611425,1394.02,HOT Lane,16,3450 - Whipple NB
742.8101274937864,1311.1799999999998,HOT Lane,17,3450 - Whipple NB
803.8095498953631,1125.6599999999999,HOT Lane,18,3450 - Whipple NB
814.9884036491874,1277.6,HOT Lane,14,3450 - Whipple NB
599.0756531071967,1383.24,HOT Lane,15,3450 - Whipple NB
779.699255736125,1394.3600000000001,HOT Lane,16,3450 - Whipple NB
567.1635523938738,1308.04,HOT Lane,17,3450 - Whipple NB
792.030425938005,1126.3200000000002,HOT Lane,18,3450 - Whipple NB
817.5465154861297,1263.64,HOT Lane,14,3450 - Whipple NB
437.9388605623723,1381.92,HOT Lane,15,3450 - Whipple NB
749.1107454970177,1395.18,HOT Lane,16,3450 - Whipple NB
326.6811474850536,1301.6,HOT Lane,17,3450 - Whipple NB
782.1646704617641,1118.1,HOT Lane,18,3450 - Whipple NB
815.0531072739285,1260.6399999999999,HOT Lane,14,3450 - Whipple NB
551.9277296376397,1379.72,HOT Lane,15,3450 - Whipple NB
633.3196104794816,1394.6,HOT Lane,16,3450 - Whipple NB
315.4018247580978,1308.16,HOT Lane,17,3450 - Whipple NB
740.3768780592794,1105.6799999999998,HOT Lane,18,3450 - Whipple NB
914.857002030616,1258.56,HOT Lane,14,3450 - Whipple NB
755.9386157580893,1384.52,HOT Lane,15,3450 - Whipple NB
756.8318721023945,1393.44,HOT Lane,16,3450 - Whipple NB
125.77993717538295,1302.76,HOT Lane,17,3450 - Whipple NB
139.86695350269466,1114.7,HOT Lane,18,3450 - Whipple NB
845.2643282144884,1267.62,HOT Lane,14,3450 - Whipple NB
728.4754305163716,1385.5,HOT Lane,15,3450 - Whipple NB
415.9993243733653,1396.9,HOT Lane,16,3450 - Whipple NB
742.8101274937862,1311.3600000000001,HOT Lane,17,3450 - Whipple NB
803.8095498953631,1107.34,HOT Lane,18,3450 - Whipple NB
814.9884036491871,1260.24,HOT Lane,14,3450 - Whipple NB
599.0756531071967,1383.3799999999999,HOT Lane,15,3450 - Whipple NB
779.699255736125,1387.44,HOT Lane,16,3450 - Whipple NB
567.1635523938737,1309.96,HOT Lane,17,3450 - Whipple NB
792.0304259380051,1099.12,HOT Lane,18,3450 - Whipple NB
825.0399701618767,1259.76,HOT Lane,14,3450 - Whipple NB
442.0927293667854,1386.56,HOT Lane,15,3450 - Whipple NB
745.364018159144,1393.18,HOT Lane,16,3450 - Whipple NB
326.6811474850545,1327.74,HOT Lane,17,3450 - Whipple NB
786.2376015025203,1107.48,HOT Lane,18,3450 - Whipple NB
815.0531072739286,1272.98,HOT Lane,14,3450 - Whipple NB
551.9277296376397,1351.1799999999998,HOT Lane,15,3450 - Whipple NB
571.0919852667998,1397.6,HOT Lane,16,3450 - Whipple NB
315.40182475809434,1335.7599999999998,HOT Lane,17,3450 - Whipple NB
687.7609348601206,1115.28,HOT Lane,18,3450 - Whipple NB
914.8570020306161,1278.66,HOT Lane,14,3450 - Whipple NB
755.9386157580894,1352.26,HOT Lane,15,3450 - Whipple NB
756.8318721023945,1403.48,HOT Lane,16,3450 - Whipple NB
125.77993717538122,1318.8600000000001,HOT Lane,17,3450 - Whipple NB
135.02706516819848,1143.6399999999999,HOT Lane,18,3450 - Whipple NB
845.2643282144884,1271.52,HOT Lane,14,3450 - Whipple NB
728.4754305163716,1354.8799999999999,HOT Lane,15,3450 - Whipple NB
415.99932437336525,1404.84,HOT Lane,16,3450 - Whipple NB
679.5706569879792,1329.1,HOT Lane,17,3450 - Whipple NB
803.8095498953631,1139.98,HOT Lane,18,3450 - Whipple NB
814.9884036491869,1276.2,HOT Lane,14,3450 - Whipple NB
682.283190955022,1344.48,HOT Lane,15,3450 - Whipple NB
780.2131264033076,1402.54,HOT Lane,16,3450 - Whipple NB
567.1635523938736,1332.5,HOT Lane,17,3450 - Whipple NB
792.030425938005,1148.48,HOT Lane,18,3450 - Whipple NB
825.0399701618767,1274.48,HOT Lane,14,3450 - Whipple NB
590.9570008060192,1338.5,HOT Lane,15,3450 - Whipple NB
745.364018159144,1391.5,HOT Lane,16,3450 - Whipple NB
326.6811474850541,1323.02,HOT Lane,17,3450 - Whipple NB
786.2376015025203,1140.4599999999998,HOT Lane,18,3450 - Whipple NB
815.0531072739286,1283.54,HOT Lane,14,3450 - Whipple NB
569.7614631469603,1336.1799999999998,HOT Lane,15,3450 - Whipple NB
633.3196104794816,1392.48,HOT Lane,16,3450 - Whipple NB
458.85860424576936,1327.2,HOT Lane,17,3450 - Whipple NB
720.8457047147317,1150.3200000000002,HOT Lane,18,3450 - Whipple NB
910.7909040876643,1285.7599999999998,HOT Lane,14,3450 - Whipple NB
757.9716647295652,1327.96,HOT Lane,15,3450 - Whipple NB
756.8318721023945,1375.94,HOT Lane,16,3450 - Whipple NB
128.77039991131224,1310.92,HOT Lane,17,3450 - Whipple NB
139.8669535026945,1151.4,HOT Lane,18,3450 - Whipple NB
845.2643282144879,1285.06,HOT Lane,14,3450 - Whipple NB
728.4754305163713,1325.9,HOT Lane,15,3450 - Whipple NB
526.3645539611423,1372.44,HOT Lane,16,3450 - Whipple NB
679.5706569879792,1314.56,HOT Lane,17,3450 - Whipple NB
803.809549895363,1162.3600000000001,HOT Lane,18,3450 - Whipple NB
814.9884036491867,1293.92,HOT Lane,14,3450 - Whipple NB
498.9521379210734,1322.56,HOT Lane,15,3450 - Whipple NB
778.6178679637287,1376.9,HOT Lane,16,3450 - Whipple NB
482.345404852815,1325.7,HOT Lane,17,3450 - Whipple NB
790.9274565632043,1171.1,HOT Lane,18,3450 - Whipple NB
811.926424479319,1292.8799999999999,HOT Lane,14,3450 - Whipple NB
594.7037281438928,1324.06,HOT Lane,15,3450 - Whipple NB
743.4906544902074,1367.7199999999998,HOT Lane,16,3450 - Whipple NB
326.6811474850541,1318.96,HOT Lane,17,3450 - Whipple NB
786.2376015025204,1176.4199999999998,HOT Lane,18,3450 - Whipple NB
807.0941521034146,1283.54,HOT Lane,14,3450 - Whipple NB
573.7409407322173,1364.56,HOT Lane,15,3450 - Whipple NB
624.6730862770384,1359.3,HOT Lane,16,3450 - Whipple NB
315.4018247580944,1310.2800000000002,HOT Lane,17,3450 - Whipple NB
740.3768780592794,1169.38,HOT Lane,18,3450 - Whipple NB
914.857002030616,1278.94,HOT Lane,14,3450 - Whipple NB
755.9386157580893,1376.98,HOT Lane,15,3450 - Whipple NB
756.8318721023945,1365.06,HOT Lane,16,3450 - Whipple NB
128.77039991131286,1333.7199999999998,HOT Lane,17,3450 - Whipple NB
139.86695350269378,1152.92,HOT Lane,18,3450 - Whipple NB
845.2643282144895,1280.48,HOT Lane,14,3450 - Whipple NB
728.4754305163713,1368.0400000000002,HOT Lane,15,3450 - Whipple NB
526.3645539611423,1361.76,HOT Lane,16,3450 - Whipple NB
616.3311864821686,1321.42,HOT Lane,17,3450 - Whipple NB
803.8095498953635,1165.04,HOT Lane,18,3450 - Whipple NB
814.9884036491865,1277.52,HOT Lane,14,3450 - Whipple NB
498.9468649907453,1379.3,HOT Lane,15,3450 - Whipple NB
777.8326544636134,1369.2,HOT Lane,16,3450 - Whipple NB
482.34540485281434,1315.1599999999999,HOT Lane,17,3450 - Whipple NB
790.9274565632044,1155.78,HOT Lane,18,3450 - Whipple NB
806.3063334725082,1278.4,HOT Lane,14,3450 - Whipple NB
594.6817157349928,1383.1,HOT Lane,15,3450 - Whipple NB
749.1634344876402,1373.6,HOT Lane,16,3450 - Whipple NB
280.01241213004596,1333.0,HOT Lane,17,3450 - Whipple NB
786.2896086713895,1173.14,HOT Lane,18,3450 - Whipple NB
807.0941517256953,1272.0,HOT Lane,14,3450 - Whipple NB
573.7409407322173,1382.5,HOT Lane,15,3450 - Whipple NB
716.5677704980948,1376.6,HOT Lane,16,3450 - Whipple NB
458.85860424576595,1336.84,HOT Lane,17,3450 - Whipple NB
740.3768786461283,1186.06,HOT Lane,18,3450 - Whipple NB
822.4790906916646,1267.54,HOT Lane,14,3450 - Whipple NB
674.965842265956,1389.3,HOT Lane,15,3450 - Whipple NB
685.7773800816661,1389.8,HOT Lane,16,3450 - Whipple NB
150.93592461045492,1356.92,HOT Lane,17,3450 - Whipple NB
236.92989837295787,1173.76,HOT Lane,18,3450 - Whipple NB
845.2643282144893,1183.75,HOT Lane,14,3460 - Hesperian/238 NB
712.0156259341353,1220.1727272727271,HOT Lane,15,3460 - Hesperian/238 NB
415.9993243733651,1251.1545454545453,HOT Lane,16,3460 - Hesperian/238 NB
616.3311864821684,1221.418181818182,HOT Lane,17,3460 - Hesperian/238 NB
803.8095498953636,1118.3136363636363,HOT Lane,18,3460 - Hesperian/238 NB
814.9602364167431,1184.6227272727272,HOT Lane,14,3460 - Hesperian/238 NB
498.9186977583022,1215.4681818181818,HOT Lane,15,3460 - Hesperian/238 NB
777.8044872311701,1239.6954545454546,HOT Lane,16,3460 - Hesperian/238 NB
312.70910977069667,1214.7181818181818,HOT Lane,17,3460 - Hesperian/238 NB
789.8244871884037,1111.8772727272728,HOT Lane,18,3460 - Hesperian/238 NB
806.3063334725077,1182.4409090909091,HOT Lane,14,3460 - Hesperian/238 NB
458.04216191965486,1213.7681818181816,HOT Lane,15,3460 - Hesperian/238 NB
749.1634344876401,1247.2136363636362,HOT Lane,16,3460 - Hesperian/238 NB
326.6811474850536,1221.0045454545457,HOT Lane,17,3460 - Hesperian/238 NB
786.2896086713902,1121.25,HOT Lane,18,3460 - Hesperian/238 NB
795.155718214486,1184.8590909090908,HOT Lane,14,3460 - Hesperian/238 NB
585.6793734879882,1222.3545454545454,HOT Lane,15,3460 - Hesperian/238 NB
722.9124584663767,1250.6818181818182,HOT Lane,16,3460 - Hesperian/238 NB
506.6775307416565,1229.3045454545454,HOT Lane,17,3460 - Hesperian/238 NB
740.376879401567,1136.309090909091,HOT Lane,18,3460 - Hesperian/238 NB
768.1752047897874,1185.0045454545455,HOT Lane,14,3460 - Hesperian/238 NB
686.198297068516,1230.6863636363637,HOT Lane,15,3460 - Hesperian/238 NB
686.0479128792247,1258.8272727272729,HOT Lane,16,3460 - Hesperian/238 NB
150.9359246104556,1226.0772727272729,HOT Lane,17,3460 - Hesperian/238 NB
760.8040122814498,1140.2909090909093,HOT Lane,18,3460 - Hesperian/238 NB
816.4001461815192,1190.5636363636363,HOT Lane,14,3460 - Hesperian/238 NB
722.9888289889586,1233.7272727272725,HOT Lane,15,3460 - Hesperian/238 NB
415.9993243733636,1253.8272727272729,HOT Lane,16,3460 - Hesperian/238 NB
616.3311864821666,1200.5409090909093,HOT Lane,17,3460 - Hesperian/238 NB
803.8095498953636,1135.0045454545457,HOT Lane,18,3460 - Hesperian/238 NB
813.884090050238,1194.1045454545454,HOT Lane,14,3460 - Hesperian/238 NB
683.1268891334067,1229.5772727272727,HOT Lane,15,3460 - Hesperian/238 NB
777.8044872311701,1251.6818181818182,HOT Lane,16,3460 - Hesperian/238 NB
482.34540485281417,1201.4818181818182,HOT Lane,17,3460 - Hesperian/238 NB
790.9274565632047,1134.2318181818182,HOT Lane,18,3460 - Hesperian/238 NB
806.3063334725074,1196.1318181818183,HOT Lane,14,3460 - Hesperian/238 NB
467.7021084150582,1236.1090909090908,HOT Lane,15,3460 - Hesperian/238 NB
749.1634344876405,1252.009090909091,HOT Lane,16,3460 - Hesperian/238 NB
334.07611575353576,1203.009090909091,HOT Lane,17,3460 - Hesperian/238 NB
786.2896086713904,1128.9636363636364,HOT Lane,18,3460 - Hesperian/238 NB
795.155718214486,1205.9136363636364,HOT Lane,14,3460 - Hesperian/238 NB
567.8456399786675,1240.890909090909,HOT Lane,15,3460 - Hesperian/238 NB
722.9124584679394,1257.75,HOT Lane,16,3460 - Hesperian/238 NB
506.6775307416601,1203.3681818181817,HOT Lane,17,3460 - Hesperian/238 NB
739.5595123964729,1136.9818181818184,HOT Lane,18,3460 - Hesperian/238 NB
758.1347517609379,1214.2681818181818,HOT Lane,14,3460 - Hesperian/238 NB
686.2307847270785,1258.9454545454544,HOT Lane,15,3460 - Hesperian/238 NB
687.0687743610192,1270.509090909091,HOT Lane,16,3460 - Hesperian/238 NB
176.0919120455313,1211.0636363636363,HOT Lane,17,3460 - Hesperian/238 NB
765.8079949665932,1144.4772727272727,HOT Lane,18,3460 - Hesperian/238 NB
816.4001461815186,1213.9227272727271,HOT Lane,14,3460 - Hesperian/238 NB
674.2628559770676,1261.2636363636364,HOT Lane,15,3460 - Hesperian/238 NB
415.99932437336304,1265.35,HOT Lane,16,3460 - Hesperian/238 NB
616.3311864821678,1205.8272727272729,HOT Lane,17,3460 - Hesperian/238 NB
803.8095498953635,1137.3863636363635,HOT Lane,18,3460 - Hesperian/238 NB
813.8840900502381,1214.0181818181818,HOT Lane,14,3460 - Hesperian/238 NB
683.1268891334067,1267.440909090909,HOT Lane,15,3460 - Hesperian/238 NB
777.80448723117,1278.1,HOT Lane,16,3460 - Hesperian/238 NB
394.2183491873528,1215.7454545454545,HOT Lane,17,3460 - Hesperian/238 NB
789.824487188404,1138.2681818181818,HOT Lane,18,3460 - Hesperian/238 NB
806.3063334725073,1223.3181818181818,HOT Lane,14,3460 - Hesperian/238 NB
594.6817157349927,1279.8409090909092,HOT Lane,15,3460 - Hesperian/238 NB
749.1634344876404,1278.7227272727273,HOT Lane,16,3460 - Hesperian/238 NB
380.7448511085434,1218.3136363636363,HOT Lane,17,3460 - Hesperian/238 NB
778.8172189458891,1138.6772727272728,HOT Lane,18,3460 - Hesperian/238 NB
807.0941505925377,1226.6,HOT Lane,14,3460 - Hesperian/238 NB
555.9072072228965,1281.540909090909,HOT Lane,15,3460 - Hesperian/238 NB
734.8508912237103,1278.9227272727271,HOT Lane,16,3460 - Hesperian/238 NB
572.6650224803749,1216.559090909091,HOT Lane,17,3460 - Hesperian/238 NB
739.5595127741925,1143.1681818181817,HOT Lane,18,3460 - Hesperian/238 NB
758.2600725030333,1230.5181818181818,HOT Lane,14,3460 - Hesperian/238 NB
686.1518805267493,1283.75,HOT Lane,15,3460 - Hesperian/238 NB
686.415350464091,1259.8181818181815,HOT Lane,16,3460 - Hesperian/238 NB
184.65546597278401,1192.3363636363638,HOT Lane,17,3460 - Hesperian/238 NB
762.7778027568165,1148.4681818181818,HOT Lane,18,3460 - Hesperian/238 NB
816.4001461815183,1239.331818181818,HOT Lane,14,3460 - Hesperian/238 NB
674.2628559770677,1271.1181818181817,HOT Lane,15,3460 - Hesperian/238 NB
415.9993243733634,1265.0863636363636,HOT Lane,16,3460 - Hesperian/238 NB
616.3311864821666,1219.8500000000001,HOT Lane,17,3460 - Hesperian/238 NB
803.8095498953634,1156.3227272727272,HOT Lane,18,3460 - Hesperian/238 NB
804.8279044736505,1239.6727272727271,HOT Lane,14,3460 - Hesperian/238 NB
687.6549819217005,1275.918181818182,HOT Lane,15,3460 - Hesperian/238 NB
768.7456011629326,1264.4363636363637,HOT Lane,16,3460 - Hesperian/238 NB
312.7091097706963,1219.9863636363639,HOT Lane,17,3460 - Hesperian/238 NB
789.8244871884041,1158.75,HOT Lane,18,3460 - Hesperian/238 NB
806.3063334725073,1238.1772727272726,HOT Lane,14,3460 - Hesperian/238 NB
458.04216191965486,1275.0363636363636,HOT Lane,15,3460 - Hesperian/238 NB
749.1634344876406,1263.0545454545454,HOT Lane,16,3460 - Hesperian/238 NB
380.7448511085434,1221.1818181818182,HOT Lane,17,3460 - Hesperian/238 NB
786.2896086713906,1158.3772727272728,HOT Lane,18,3460 - Hesperian/238 NB
787.1967626291932,1235.2454545454543,HOT Lane,14,3460 - Hesperian/238 NB
589.658851073245,1269.4954545454545,HOT Lane,15,3460 - Hesperian/238 NB
714.9535041674319,1259.0318181818182,HOT Lane,16,3460 - Hesperian/238 NB
572.6650224803749,1218.7136363636364,HOT Lane,17,3460 - Hesperian/238 NB
739.5595127743447,1147.631818181818,HOT Lane,18,3460 - Hesperian/238 NB
758.2345031046079,1236.490909090909,HOT Lane,14,3460 - Hesperian/238 NB
686.1774499251737,1268.5909090909092,HOT Lane,15,3460 - Hesperian/238 NB
687.3261027267379,1263.3136363636363,HOT Lane,16,3460 - Hesperian/238 NB
192.14180583607606,1223.268181818182,HOT Lane,17,3460 - Hesperian/238 NB
761.0832017436828,1150.6227272727274,HOT Lane,18,3460 - Hesperian/238 NB
838.3465522911648,1237.6863636363637,HOT Lane,14,3460 - Hesperian/238 NB
663.289652922244,1271.8636363636363,HOT Lane,15,3460 - Hesperian/238 NB
415.99932437336423,1266.5363636363636,HOT Lane,16,3460 - Hesperian/238 NB
616.3311864821665,1226.0318181818182,HOT Lane,17,3460 - Hesperian/238 NB
803.8095498953633,1158.2545454545455,HOT Lane,18,3460 - Hesperian/238 NB
804.8279044736505,1243.1954545454546,HOT Lane,14,3460 - Hesperian/238 NB
579.1454054836227,1271.5590909090909,HOT Lane,15,3460 - Hesperian/238 NB
768.7456011629325,1269.6863636363637,HOT Lane,16,3460 - Hesperian/238 NB
312.7091097706963,1230.081818181818,HOT Lane,17,3460 - Hesperian/238 NB
789.824487188404,1165.5454545454545,HOT Lane,18,3460 - Hesperian/238 NB
806.3063334725075,1240.8636363636363,HOT Lane,14,3460 - Hesperian/238 NB
458.04216191965486,1268.4454545454544,HOT Lane,15,3460 - Hesperian/238 NB
749.1634344876405,1268.540909090909,HOT Lane,16,3460 - Hesperian/238 NB
326.68114748505366,1224.8636363636365,HOT Lane,17,3460 - Hesperian/238 NB
786.2896086713906,1160.9272727272726,HOT Lane,18,3460 - Hesperian/238 NB
795.1557178367666,1232.9727272727273,HOT Lane,14,3460 - Hesperian/238 NB
567.8456399786676,1260.7681818181818,HOT Lane,15,3460 - Hesperian/238 NB
722.9124584713472,1259.6545454545453,HOT Lane,16,3460 - Hesperian/238 NB
554.4964572375542,1216.8636363636365,HOT Lane,17,3460 - Hesperian/238 NB
739.5595127741926,1157.3545454545454,HOT Lane,18,3460 - Hesperian/238 NB
758.2600725030327,1221.5727272727272,HOT Lane,14,3460 - Hesperian/238 NB
686.1518805267485,1249.890909090909,HOT Lane,15,3460 - Hesperian/238 NB
685.823641487841,1265.1863636363637,HOT Lane,16,3460 - Hesperian/238 NB
184.65546597278438,1235.4636363636364,HOT Lane,17,3460 - Hesperian/238 NB
760.9336874827608,1146.1772727272728,HOT Lane,18,3460 - Hesperian/238 NB
838.3465522911647,1220.8409090909092,HOT Lane,14,3460 - Hesperian/238 NB
614.5636799103575,1261.05,HOT Lane,15,3460 - Hesperian/238 NB
415.9993243733634,1271.6227272727272,HOT Lane,16,3460 - Hesperian/238 NB
616.3311864821682,1238.6318181818183,HOT Lane,17,3460 - Hesperian/238 NB
803.8095498953634,1140.8272727272729,HOT Lane,18,3460 - Hesperian/238 NB
804.8279044736508,1219.2772727272727,HOT Lane,14,3460 - Hesperian/238 NB
579.1432963114913,1258.5590909090909,HOT Lane,15,3460 - Hesperian/238 NB
768.7434919908014,1273.3227272727272,HOT Lane,16,3460 - Hesperian/238 NB
394.2183491873528,1240.3772727272728,HOT Lane,17,3460 - Hesperian/238 NB
789.824487188404,1132.5,HOT Lane,18,3460 - Hesperian/238 NB
805.0011522385288,1220.4954545454545,HOT Lane,14,3460 - Hesperian/238 NB
642.5706013206488,1256.6590909090908,HOT Lane,15,3460 - Hesperian/238 NB
749.1634344876405,1274.4772727272727,HOT Lane,16,3460 - Hesperian/238 NB
380.74485110854374,1240.1818181818182,HOT Lane,17,3460 - Hesperian/238 NB
778.817218945889,1138.1636363636362,HOT Lane,18,3460 - Hesperian/238 NB
807.0941505925375,1221.0772727272729,HOT Lane,14,3460 - Hesperian/238 NB
555.9072072228963,1238.15,HOT Lane,15,3460 - Hesperian/238 NB
734.8508912271183,1273.4136363636364,HOT Lane,16,3460 - Hesperian/238 NB
572.665022480375,1241.0,HOT Lane,17,3460 - Hesperian/238 NB
739.5595127741926,1148.3681818181817,HOT Lane,18,3460 - Hesperian/238 NB
758.2600725030327,1219.5681818181818,HOT Lane,14,3460 - Hesperian/238 NB
686.1518805267485,1239.9,HOT Lane,15,3460 - Hesperian/238 NB
685.1508273136925,1275.781818181818,HOT Lane,16,3460 - Hesperian/238 NB
184.6554659727844,1244.3863636363635,HOT Lane,17,3460 - Hesperian/238 NB
760.4851446999951,1149.0136363636364,HOT Lane,18,3460 - Hesperian/238 NB
838.3465522911648,1222.759090909091,HOT Lane,14,3460 - Hesperian/238 NB
663.2896529222439,1241.4545454545455,HOT Lane,15,3460 - Hesperian/238 NB
526.3645539611413,1278.4409090909091,HOT Lane,16,3460 - Hesperian/238 NB
616.3311864821713,1240.3227272727272,HOT Lane,17,3460 - Hesperian/238 NB
803.8095498953634,1128.181818181818,HOT Lane,18,3460 - Hesperian/238 NB
805.9040508401557,1221.431818181818,HOT Lane,14,3460 - Hesperian/238 NB
503.4441801086933,1244.4636363636362,HOT Lane,15,3460 - Hesperian/238 NB
768.7434919908014,1277.3045454545454,HOT Lane,16,3460 - Hesperian/238 NB
482.3454048528141,1239.05,HOT Lane,17,3460 - Hesperian/238 NB
790.9274565632046,1126.1954545454546,HOT Lane,18,3460 - Hesperian/238 NB
805.0011522385288,1222.1954545454546,HOT Lane,14,3460 - Hesperian/238 NB
642.5706013206488,1244.559090909091,HOT Lane,15,3460 - Hesperian/238 NB
749.1634344876404,1266.490909090909,HOT Lane,16,3460 - Hesperian/238 NB
326.68114748505366,1239.2272727272727,HOT Lane,17,3460 - Hesperian/238 NB
778.817218945889,1131.1363636363635,HOT Lane,18,3460 - Hesperian/238 NB
795.1557178367666,1228.5272727272727,HOT Lane,14,3460 - Hesperian/238 NB
567.8456399786674,1253.1454545454546,HOT Lane,15,3460 - Hesperian/238 NB
722.9124584679392,1277.2636363636364,HOT Lane,16,3460 - Hesperian/238 NB
572.6650224803749,1252.5227272727273,HOT Lane,17,3460 - Hesperian/238 NB
735.4726777484677,1140.3636363636365,HOT Lane,18,3460 - Hesperian/238 NB
758.1672394194997,1244.9227272727271,HOT Lane,14,3460 - Hesperian/238 NB
686.1982970685146,1267.5045454545455,HOT Lane,15,3460 - Hesperian/238 NB
684.7022845309266,1289.9454545454544,HOT Lane,16,3460 - Hesperian/238 NB
192.14180583607512,1268.6727272727271,HOT Lane,17,3460 - Hesperian/238 NB
744.0932547834434,1150.2318181818184,HOT Lane,18,3460 - Hesperian/238 NB
838.3465522911649,1233.1227272727272,HOT Lane,14,3460 - Hesperian/238 NB
663.2896529222439,1254.2,HOT Lane,15,3460 - Hesperian/238 NB
526.3645539611413,1276.7772727272727,HOT Lane,16,3460 - Hesperian/238 NB
616.3311864821713,1260.1772727272726,HOT Lane,17,3460 - Hesperian/238 NB
803.8095498953636,1137.8863636363635,HOT Lane,18,3460 - Hesperian/238 NB
804.827904473651,1224.8,HOT Lane,14,3460 - Hesperian/238 NB
579.1427950457198,1251.0,HOT Lane,15,3460 - Hesperian/238 NB
768.7434919908014,1274.709090909091,HOT Lane,16,3460 - Hesperian/238 NB
482.3454048528141,1255.0045454545457,HOT Lane,17,3460 - Hesperian/238 NB
790.9274565632046,1138.9363636363637,HOT Lane,18,3460 - Hesperian/238 NB
806.3063334725077,1231.55,HOT Lane,14,3460 - Hesperian/238 NB
594.6817157349927,1258.9818181818182,HOT Lane,15,3460 - Hesperian/238 NB
749.1634344876405,1278.2681818181818,HOT Lane,16,3460 - Hesperian/238 NB
326.68114748505417,1261.8863636363635,HOT Lane,17,3460 - Hesperian/238 NB
786.2896086713905,1147.4636363636364,HOT Lane,18,3460 - Hesperian/238 NB
807.0941505925375,1238.85,HOT Lane,14,3460 - Hesperian/238 NB
555.9072072228963,1288.9954545454543,HOT Lane,15,3460 - Hesperian/238 NB
734.85089122371,1289.5772727272729,HOT Lane,16,3460 - Hesperian/238 NB
572.6650224803745,1272.7272727272727,HOT Lane,17,3460 - Hesperian/238 NB
739.5595127741926,1157.3500000000001,HOT Lane,18,3460 - Hesperian/238 NB
758.1672394194994,1245.1045454545456,HOT Lane,14,3460 - Hesperian/238 NB
685.5749866286648,1287.7863636363636,HOT Lane,15,3460 - Hesperian/238 NB
683.558011507983,1287.868181818182,HOT Lane,16,3460 - Hesperian/238 NB
184.3444670513179,1277.2136363636364,HOT Lane,17,3460 - Hesperian/238 NB
743.4245339221325,1167.6045454545456,HOT Lane,18,3460 - Hesperian/238 NB
838.3465522911652,1237.4227272727271,HOT Lane,14,3460 - Hesperian/238 NB
614.5636799103575,1278.9272727272726,HOT Lane,15,3460 - Hesperian/238 NB
415.99932437336423,1281.6227272727272,HOT Lane,16,3460 - Hesperian/238 NB
616.3311864821682,1288.8863636363635,HOT Lane,17,3460 - Hesperian/238 NB
803.8095498953636,1174.0409090909093,HOT Lane,18,3460 - Hesperian/238 NB
804.8279044736513,1245.0590909090909,HOT Lane,14,3460 - Hesperian/238 NB
604.1963089636445,1285.1,HOT Lane,15,3460 - Hesperian/238 NB
768.7434919908013,1287.009090909091,HOT Lane,16,3460 - Hesperian/238 NB
312.7091097706963,1299.6954545454546,HOT Lane,17,3460 - Hesperian/238 NB
789.8244871884037,1192.8545454545456,HOT Lane,18,3460 - Hesperian/238 NB
806.3063334725077,1252.8909090909092,HOT Lane,14,3460 - Hesperian/238 NB
585.0217692395894,1292.540909090909,HOT Lane,15,3460 - Hesperian/238 NB
749.1634344876404,1304.9636363636364,HOT Lane,16,3460 - Hesperian/238 NB
326.68114748505366,1310.5318181818182,HOT Lane,17,3460 - Hesperian/238 NB
786.2896086713905,1201.6272727272728,HOT Lane,18,3460 - Hesperian/238 NB
815.0531057630516,1258.8272727272729,HOT Lane,14,3460 - Hesperian/238 NB
551.9277296376392,1295.4318181818182,HOT Lane,15,3460 - Hesperian/238 NB
742.8098463926615,1309.0681818181818,HOT Lane,16,3460 - Hesperian/238 NB
554.4964572375542,1311.0136363636364,HOT Lane,17,3460 - Hesperian/238 NB
739.5595127741418,1201.4363636363637,HOT Lane,18,3460 - Hesperian/238 NB
750.1547816653783,1260.3772727272728,HOT Lane,14,3460 - Hesperian/238 NB
679.1365656020232,1295.609090909091,HOT Lane,15,3460 - Hesperian/238 NB
676.8416783678596,1316.1636363636362,HOT Lane,16,3460 - Hesperian/238 NB
184.34446705131694,1316.5863636363636,HOT Lane,17,3460 - Hesperian/238 NB
760.3814783928394,1211.6,HOT Lane,18,3460 - Hesperian/238 NB
816.4001461815197,1274.0636363636363,HOT Lane,14,3460 - Hesperian/238 NB
674.2628559770677,1313.8136363636363,HOT Lane,15,3460 - Hesperian/238 NB
526.3645539611415,1326.1818181818182,HOT Lane,16,3460 - Hesperian/238 NB
616.3311864821665,1329.3636363636365,HOT Lane,17,3460 - Hesperian/238 NB
803.8095498953638,1216.0,HOT Lane,18,3460 - Hesperian/238 NB
804.8279044736514,1290.5454545454545,HOT Lane,14,3460 - Hesperian/238 NB
687.6523714837979,1327.3636363636365,HOT Lane,15,3460 - Hesperian/238 NB
768.7461924824513,1335.890909090909,HOT Lane,16,3460 - Hesperian/238 NB
312.7091097706966,1337.3,HOT Lane,17,3460 - Hesperian/238 NB
789.8244871884035,1235.618181818182,HOT Lane,18,3460 - Hesperian/238 NB
802.5340949637238,1288.35,HOT Lane,14,3460 - Hesperian/238 NB
634.5923543054265,1327.268181818182,HOT Lane,15,3460 - Hesperian/238 NB
746.540355706229,1336.1954545454546,HOT Lane,16,3460 - Hesperian/238 NB
326.6811474850536,1339.990909090909,HOT Lane,17,3460 - Hesperian/238 NB
786.2376015025219,1232.85,HOT Lane,18,3460 - Hesperian/238 NB
795.1557178367667,1283.6045454545454,HOT Lane,14,3460 - Hesperian/238 NB
567.8456399786672,1319.2136363636364,HOT Lane,15,3460 - Hesperian/238 NB
722.9124584663764,1329.3681818181817,HOT Lane,16,3460 - Hesperian/238 NB
506.67753074166336,1324.040909090909,HOT Lane,17,3460 - Hesperian/238 NB
739.5595127741418,1222.1590909090908,HOT Lane,18,3460 - Hesperian/238 NB
749.8116771777527,1278.3590909090908,HOT Lane,14,3460 - Hesperian/238 NB
679.3081178458345,1315.0954545454547,HOT Lane,15,3460 - Hesperian/238 NB
676.564687828906,1331.0045454545455,HOT Lane,16,3460 - Hesperian/238 NB
184.34446705131757,1320.5227272727275,HOT Lane,17,3460 - Hesperian/238 NB
760.0824498709956,1212.2681818181818,HOT Lane,18,3460 - Hesperian/238 NB
838.3465522911669,1279.9227272727273,HOT Lane,14,3460 - Hesperian/238 NB
663.2896529222445,1320.1045454545456,HOT Lane,15,3460 - Hesperian/238 NB
526.3645539611418,1339.6863636363637,HOT Lane,16,3460 - Hesperian/238 NB
561.4650658285298,1316.6545454545453,HOT Lane,17,3460 - Hesperian/238 NB
803.8095498953638,1215.2909090909093,HOT Lane,18,3460 - Hesperian/238 NB
804.8279044736516,1283.6636363636364,HOT Lane,14,3460 - Hesperian/238 NB
687.6523714837977,1323.5272727272727,HOT Lane,15,3460 - Hesperian/238 NB
741.577635752688,1343.5045454545455,HOT Lane,16,3460 - Hesperian/238 NB
482.34540485281434,1319.05,HOT Lane,17,3460 - Hesperian/238 NB
790.9274565632043,1217.25,HOT Lane,18,3460 - Hesperian/238 NB
805.0011522385289,1279.1727272727273,HOT Lane,14,3460 - Hesperian/238 NB
595.9868969689717,1321.6772727272728,HOT Lane,15,3460 - Hesperian/238 NB
749.0074129810341,1346.909090909091,HOT Lane,16,3460 - Hesperian/238 NB
326.6811474850536,1321.5681818181818,HOT Lane,17,3460 - Hesperian/238 NB
786.2376015025219,1220.0227272727273,HOT Lane,18,3460 - Hesperian/238 NB
807.094150592538,1278.6227272727272,HOT Lane,14,3460 - Hesperian/238 NB
555.9072072228963,1323.690909090909,HOT Lane,15,3460 - Hesperian/238 NB
716.5677704980945,1348.5545454545456,HOT Lane,16,3460 - Hesperian/238 NB
458.8586042457727,1324.7954545454545,HOT Lane,17,3460 - Hesperian/238 NB
739.5595127741417,1219.1818181818182,HOT Lane,18,3460 - Hesperian/238 NB
747.6112751175442,1279.7727272727273,HOT Lane,14,3460 - Hesperian/238 NB
677.1726911027521,1323.7090909090907,HOT Lane,15,3460 - Hesperian/238 NB
677.5599799122756,1346.3272727272729,HOT Lane,16,3460 - Hesperian/238 NB
184.3444670513176,1324.9,HOT Lane,17,3460 - Hesperian/238 NB
760.0824498709949,1221.3727272727272,HOT Lane,18,3460 - Hesperian/238 NB
845.2643282144898,1283.4,HOT Lane,14,3460 - Hesperian/238 NB
663.2896529222446,1323.990909090909,HOT Lane,15,3460 - Hesperian/238 NB
526.3645539611421,1349.6590909090908,HOT Lane,16,3460 - Hesperian/238 NB
616.3311864821666,1324.4136363636364,HOT Lane,17,3460 - Hesperian/238 NB
803.809549895364,1218.8772727272728,HOT Lane,18,3460 - Hesperian/238 NB
804.8279044736535,1280.9954545454543,HOT Lane,14,3460 - Hesperian/238 NB
687.6544806559288,1323.4227272727273,HOT Lane,15,3460 - Hesperian/238 NB
741.5797449248189,1347.8409090909092,HOT Lane,16,3460 - Hesperian/238 NB
312.70910977069667,1331.7181818181818,HOT Lane,17,3460 - Hesperian/238 NB
789.8244871884035,1215.4863636363636,HOT Lane,18,3460 - Hesperian/238 NB
810.6212432453395,1280.7272727272727,HOT Lane,14,3460 - Hesperian/238 NB
637.0594115802317,1320.990909090909,HOT Lane,15,3460 - Hesperian/238 NB
743.3873219742236,1351.4590909090907,HOT Lane,16,3460 - Hesperian/238 NB
140.0062060650231,1331.5863636363636,HOT Lane,17,3460 - Hesperian/238 NB
786.2376015025219,1222.7272727272727,HOT Lane,18,3460 - Hesperian/238 NB
807.0941505925376,1284.240909090909,HOT Lane,14,3460 - Hesperian/238 NB
555.9072072228963,1293.9818181818182,HOT Lane,15,3460 - Hesperian/238 NB
716.5677704980945,1360.1954545454546,HOT Lane,16,3460 - Hesperian/238 NB
506.6775307416635,1346.8681818181817,HOT Lane,17,3460 - Hesperian/238 NB
739.5595127741418,1232.7136363636364,HOT Lane,18,3460 - Hesperian/238 NB
747.6112751175443,1286.0681818181818,HOT Lane,14,3460 - Hesperian/238 NB
676.549380662902,1302.4454545454544,HOT Lane,15,3460 - Hesperian/238 NB
677.034658671179,1364.6954545454546,HOT Lane,16,3460 - Hesperian/238 NB
618.781670654846,1347.6,HOT Lane,17,3460 - Hesperian/238 NB
759.6210616239961,1245.1772727272728,HOT Lane,18,3460 - Hesperian/238 NB
845.2643282144895,1283.1863636363637,HOT Lane,14,3460 - Hesperian/238 NB
663.2896529222446,1302.2772727272727,HOT Lane,15,3460 - Hesperian/238 NB
526.3645539611421,1360.4272727272728,HOT Lane,16,3460 - Hesperian/238 NB
616.3311864821683,1344.7454545454543,HOT Lane,17,3460 - Hesperian/238 NB
803.8095498953637,1248.4227272727271,HOT Lane,18,3460 - Hesperian/238 NB
813.8840900502394,1271.009090909091,HOT Lane,14,3460 - Hesperian/238 NB
599.6703253474817,1295.5318181818182,HOT Lane,15,3460 - Hesperian/238 NB
724.3412367917844,1354.5136363636364,HOT Lane,16,3460 - Hesperian/238 NB
312.70910977069667,1343.1954545454544,HOT Lane,17,3460 - Hesperian/238 NB
789.8244871884034,1254.3136363636363,HOT Lane,18,3460 - Hesperian/238 NB
810.6212432453397,1272.5681818181818,HOT Lane,14,3460 - Hesperian/238 NB
627.3994650848283,1294.8863636363635,HOT Lane,15,3460 - Hesperian/238 NB
743.3873219742236,1329.3681818181817,HOT Lane,16,3460 - Hesperian/238 NB
140.00620606502298,1317.8272727272729,HOT Lane,17,3460 - Hesperian/238 NB
786.2376015025213,1247.6772727272728,HOT Lane,18,3460 - Hesperian/238 NB
787.1967630439719,1272.0636363636363,HOT Lane,14,3460 - Hesperian/238 NB
571.8251175639243,1293.5363636363636,HOT Lane,15,3460 - Hesperian/238 NB
696.6703825718096,1327.4590909090907,HOT Lane,16,3460 - Hesperian/238 NB
146.07323807898922,1315.6863636363637,HOT Lane,17,3460 - Hesperian/238 NB
739.5595123964221,1253.5772727272727,HOT Lane,18,3460 - Hesperian/238 NB
747.5184420340113,1272.3272727272729,HOT Lane,14,3460 - Hesperian/238 NB
676.5957972046689,1286.9863636363636,HOT Lane,15,3460 - Hesperian/238 NB
677.0346586711786,1319.05,HOT Lane,16,3460 - Hesperian/238 NB
192.14180583607714,1313.5681818181818,HOT Lane,17,3460 - Hesperian/238 NB
743.5282002292872,1255.4454545454546,HOT Lane,18,3460 - Hesperian/238 NB
845.2643282144899,1266.95,HOT Lane,14,3460 - Hesperian/238 NB
663.2896529222445,1289.081818181818,HOT Lane,15,3460 - Hesperian/238 NB
415.9993243733647,1312.6909090909091,HOT Lane,16,3460 - Hesperian/238 NB
616.3311864821684,1311.4636363636362,HOT Lane,17,3460 - Hesperian/238 NB
803.8095498953637,1263.3,HOT Lane,18,3460 - Hesperian/238 NB
813.884090050241,1266.6272727272728,HOT Lane,14,3460 - Hesperian/238 NB
683.1263878676349,1287.7727272727273,HOT Lane,15,3460 - Hesperian/238 NB
724.565050112289,1313.781818181818,HOT Lane,16,3460 - Hesperian/238 NB
482.3454048528142,1311.7045454545455,HOT Lane,17,3460 - Hesperian/238 NB
790.9274565632041,1266.9,HOT Lane,18,3460 - Hesperian/238 NB
816.2413342521501,1267.7681818181816,HOT Lane,14,3460 - Hesperian/238 NB
637.0594115802315,1286.7090909090907,HOT Lane,15,3460 - Hesperian/238 NB
733.3589459872061,1310.2227272727273,HOT Lane,16,3460 - Hesperian/238 NB
140.0062060650229,1309.8954545454544,HOT Lane,17,3460 - Hesperian/238 NB
778.6144180310262,1267.7136363636364,HOT Lane,18,3460 - Hesperian/238 NB
807.0941509702569,1267.6045454545456,HOT Lane,14,3460 - Hesperian/238 NB
555.9072072228961,1320.8363636363636,HOT Lane,15,3460 - Hesperian/238 NB
606.3899659674912,1305.8909090909092,HOT Lane,16,3460 - Hesperian/238 NB
146.07323807898925,1309.009090909091,HOT Lane,17,3460 - Hesperian/238 NB
739.559512396422,1265.6136363636365,HOT Lane,18,3460 - Hesperian/238 NB
747.518442034011,1273.55,HOT Lane,14,3460 - Hesperian/238 NB
677.2191076445181,1323.6045454545456,HOT Lane,15,3460 - Hesperian/238 NB
688.6336260336061,1304.5727272727272,HOT Lane,16,3460 - Hesperian/238 NB
192.14180583607583,1317.290909090909,HOT Lane,17,3460 - Hesperian/238 NB
743.9437405225199,1267.6227272727272,HOT Lane,18,3460 - Hesperian/238 NB
838.3465522911677,1280.590909090909,HOT Lane,14,3460 - Hesperian/238 NB
663.2896529222459,1325.0227272727273,HOT Lane,15,3460 - Hesperian/238 NB
415.99932437336366,1306.690909090909,HOT Lane,16,3460 - Hesperian/238 NB
561.4650658285315,1320.2227272727273,HOT Lane,17,3460 - Hesperian/238 NB
803.8095498953637,1266.8045454545454,HOT Lane,18,3460 - Hesperian/238 NB
813.8773958268084,1290.1227272727272,HOT Lane,14,3460 - Hesperian/238 NB
683.1196936442025,1330.8363636363636,HOT Lane,15,3460 - Hesperian/238 NB
698.3788874483567,1310.990909090909,HOT Lane,16,3460 - Hesperian/238 NB
482.3454048528142,1310.4545454545455,HOT Lane,17,3460 - Hesperian/238 NB
790.9274565632043,1256.4454545454546,HOT Lane,18,3460 - Hesperian/238 NB
816.2413342521502,1292.4454545454544,HOT Lane,14,3460 - Hesperian/238 NB
642.5654892712218,1334.581818181818,HOT Lane,15,3460 - Hesperian/238 NB
733.6553057185808,1333.1,HOT Lane,16,3460 - Hesperian/238 NB
140.0062060650229,1334.2863636363636,HOT Lane,17,3460 - Hesperian/238 NB
778.7132046081513,1265.7227272727273,HOT Lane,18,3460 - Hesperian/238 NB
807.0941509702569,1294.759090909091,HOT Lane,14,3460 - Hesperian/238 NB
597.9058878432805,1331.5181818181818,HOT Lane,15,3460 - Hesperian/238 NB
624.6730862770381,1334.9954545454545,HOT Lane,16,3460 - Hesperian/238 NB
143.4567794876716,1336.168181818182,HOT Lane,17,3460 - Hesperian/238 NB
739.559512396422,1268.3636363636365,HOT Lane,18,3460 - Hesperian/238 NB
747.5184420340115,1293.9636363636364,HOT Lane,14,3460 - Hesperian/238 NB
687.7033119646958,1337.9,HOT Lane,15,3460 - Hesperian/238 NB
677.6579691110283,1346.85,HOT Lane,16,3460 - Hesperian/238 NB
192.14180583607583,1338.9954545454545,HOT Lane,17,3460 - Hesperian/238 NB
760.0366019172283,1265.3590909090908,HOT Lane,18,3460 - Hesperian/238 NB
